HUMAN,1
2018-02-16,13.200000,13.800000,13.000000,13.500000,12.823254,12847800
2018-02-19,13.300000,13.700000,13.200000,13.400000,12.728266,4528700
2018-02-20,13.400000,13.500000,13.100000,13.200000,12.538292,2677700
2018-02-21,13.200000,13.500000,13.000000,13.000000,12.348317,1813300
2018-02-22,12.900000,13.100000,12.700000,13.000000,12.348317,5024700
2018-02-23,13.000000,13.400000,12.800000,13.300000,12.633281,2918800
2018-02-26,13.200000,13.300000,12.800000,13.200000,12.538292,2309300
2018-02-27,13.400000,13.400000,12.400000,13.100000,12.443305,8777100
2018-02-28,12.900000,13.000000,12.700000,13.000000,12.348317,2709000
2018-03-02,12.900000,12.900000,12.600000,12.600000,11.968370,1295800
2018-03-05,12.200000,12.500000,11.600000,12.000000,11.398447,7608900
2018-03-06,12.000000,12.000000,12.000000,12.000000,11.398447,50500
2018-03-07,12.000000,12.000000,10.900000,11.200000,10.638551,5138200
2018-03-08,11.200000,11.800000,11.100000,11.600000,11.018498,3306100
2018-03-09,11.500000,11.500000,10.300000,11.200000,10.638551,4948100
2018-03-12,11.000000,11.200000,10.800000,11.000000,10.448576,1123400
2018-03-13,11.000000,11.200000,10.400000,10.800000,10.258602,2437200
2018-03-14,10.700000,11.100000,10.500000,10.900000,10.353589,2421500
2018-03-15,11.000000,11.600000,11.000000,11.600000,11.018498,2845000
2018-03-16,11.600000,11.700000,11.400000,11.600000,11.018498,1956700
2018-03-19,11.600000,11.600000,11.000000,11.300000,10.733539,1959000
2018-03-20,11.000000,11.100000,10.700000,10.800000,10.258602,3474600
2018-03-21,10.700000,11.000000,10.700000,10.700000,10.163615,957300
2018-03-22,10.700000,10.900000,10.500000,10.500000,9.973641,1163600
2018-03-23,10.200000,10.600000,9.900000,10.100000,9.593694,10044500
2018-03-26,10.000000,10.400000,9.700000,10.400000,9.878654,4126600
HUMAN,3
2018-03-26,10.000000,10.400000,9.700000,10.400000,9.878654,4126600
2018-03-27,10.500000,11.000000,10.400000,11.000000,10.448576,3902300
2018-03-28,10.800000,10.900000,10.500000,10.800000,10.258602,2450600
2018-03-29,10.700000,10.800000,10.200000,10.600000,10.068628,2299000
2018-03-30,10.500000,11.000000,10.000000,11.000000,10.448576,4103200
2018-04-02,11.000000,11.800000,10.700000,11.500000,10.923512,9992000
2018-04-03,11.500000,11.800000,11.300000,11.300000,10.733539,4305200
2018-04-04,11.200000,11.400000,10.400000,10.600000,10.068628,6962200
2018-04-05,10.800000,11.200000,10.500000,10.900000,10.382977,3321700
2018-04-09,11.100000,11.200000,10.700000,10.800000,10.287720,1530700
2018-04-10,10.900000,10.900000,10.700000,10.800000,10.287720,633900
2018-04-11,10.900000,11.000000,10.600000,10.800000,10.287720,858700
2018-04-12,10.800000,11.000000,10.500000,11.000000,10.478231,1007100
2018-04-17,10.900000,11.000000,10.500000,10.500000,10.001949,2368100
2018-04-18,10.700000,10.800000,10.500000,10.700000,10.192462,1803600
2018-04-19,10.700000,10.800000,10.500000,10.600000,10.097205,1179900
2018-04-20,10.700000,11.000000,10.500000,10.900000,10.382977,2185700
2018-04-23,11.000000,12.100000,11.000000,12.000000,11.430800,14961400
2018-04-24,12.000000,12.400000,11.700000,12.400000,11.811826,7388300
2018-04-25,12.200000,12.400000,11.900000,11.900000,11.335542,5569900
2018-04-26,12.000000,12.900000,12.000000,12.700000,12.097594,16440600
2018-04-27,12.600000,13.100000,12.500000,12.800000,12.192853,12786800
2018-04-30,12.900000,13.100000,12.600000,12.600000,12.002337,4949300
2018-05-02,12.700000,12.900000,12.600000,12.800000,12.192853,2879500
2018-05-03,12.900000,13.400000,12.700000,12.700000,12.097594,9046200
HUMAN,1
2018-05-03,12.900000,13.400000,12.700000,12.700000,12.097594,9046200
2018-05-04,12.700000,12.700000,12.400000,12.500000,11.907082,2313500
2018-05-07,12.500000,13.000000,12.500000,12.900000,12.288109,3658300
2018-05-08,13.200000,13.200000,12.800000,12.800000,12.192853,5059100
2018-05-09,12.800000,12.900000,12.600000,12.600000,12.002337,2032100
2018-05-10,12.600000,12.600000,12.200000,12.200000,11.621312,2822000
2018-05-11,12.200000,12.500000,12.100000,12.300000,11.716570,898100
2018-05-14,12.500000,12.900000,12.500000,12.800000,12.192853,7914500
2018-05-15,12.800000,12.800000,12.600000,12.700000,12.097594,2802500
2018-05-16,12.700000,12.800000,12.400000,12.400000,11.811826,2295200
2018-05-17,12.400000,12.500000,12.200000,12.200000,11.621312,1692300
2018-05-18,12.200000,12.300000,11.600000,12.000000,11.430800,3996400
2018-05-21,12.100000,12.100000,11.700000,11.800000,11.240286,2930100
2018-05-22,11.900000,11.900000,11.200000,11.400000,10.859261,4775900
2018-05-23,11.400000,11.700000,11.300000,11.500000,10.954516,1964200
2018-05-24,11.500000,11.700000,11.400000,11.600000,11.049772,1217500
2018-05-25,11.500000,11.900000,11.500000,11.500000,10.954516,1180600
2018-05-28,11.900000,12.000000,11.700000,11.900000,11.335542,2050100
2018-05-30,11.700000,11.900000,11.600000,11.800000,11.240286,1482300
2018-05-31,11.800000,12.300000,11.700000,12.000000,11.430800,2574300
2018-06-01,12.200000,12.200000,12.000000,12.000000,11.430800,1901100
2018-06-04,12.000000,12.200000,11.900000,12.000000,11.430800,1462100
2018-06-05,12.100000,12.400000,12.000000,12.300000,11.716570,2691700
2018-06-06,12.400000,12.800000,12.300000,12.400000,11.811826,2630400
2018-06-07,12.500000,12.500000,12.100000,12.200000,11.621312,2105900
2018-06-08,12.200000,12.300000,11.800000,12.000000,11.430800,1267500
2018-06-11,11.900000,12.000000,11.800000,11.900000,11.335542,326100
2018-06-12,11.900000,12.100000,11.900000,11.900000,11.335542,248000
2018-06-13,11.900000,11.900000,11.700000,11.800000,11.240286,2835700
2018-06-14,11.700000,12.000000,11.600000,11.600000,11.049772,1993100
2018-06-15,11.200000,11.400000,10.700000,10.700000,10.192462,31239200
2018-06-18,10.100000,10.700000,10.100000,10.200000,9.716180,11482200
2018-06-19,10.200000,10.900000,10.200000,10.900000,10.382977,9583500
2018-06-20,10.800000,11.000000,10.600000,10.900000,10.382977,2666100
2018-06-21,11.000000,11.200000,10.800000,11.000000,10.478231,5898300
2018-06-22,11.000000,11.100000,10.900000,11.000000,10.478231,1915100
2018-06-25,11.200000,11.200000,10.900000,11.100000,10.573490,1821900
2018-06-26,10.900000,11.100000,10.800000,11.000000,10.478231,1486600
2018-06-27,11.100000,11.100000,10.900000,11.000000,10.478231,673800
2018-06-28,10.800000,10.900000,10.700000,10.900000,10.382977,934600
2018-06-29,10.800000,10.900000,10.200000,10.400000,9.906693,1933900
2018-07-02,10.300000,10.700000,10.300000,10.600000,10.097205,345900
2018-07-03,10.700000,11.100000,10.600000,11.100000,10.573490,990900
2018-07-04,11.000000,11.000000,10.700000,10.800000,10.287720,577200
2018-07-05,10.800000,10.800000,9.950000,9.950000,9.478038,3895000
2018-07-06,10.000000,10.300000,9.200000,10.000000,9.525665,9039000
HUMAN,4
2018-07-06,10.000000,10.300000,9.200000,10.000000,9.525665,9039000
2018-07-09,10.100000,10.100000,9.850000,9.850000,9.382782,959300
2018-07-10,9.900000,10.100000,9.750000,10.100000,9.620923,984800
2018-07-11,10.000000,10.100000,9.850000,10.000000,9.525665,452900
2018-07-12,10.000000,10.000000,9.950000,10.000000,9.525665,407200
2018-07-13,10.000000,10.200000,10.000000,10.000000,9.525665,469400
2018-07-16,10.000000,10.100000,9.900000,9.950000,9.478038,493700
2018-07-17,9.900000,9.950000,9.800000,9.900000,9.430408,641700
2018-07-18,9.900000,10.000000,9.800000,9.850000,9.382782,411600
2018-07-19,9.900000,10.200000,9.900000,10.000000,9.525665,1815800
2018-07-20,10.100000,10.100000,9.900000,10.100000,9.620923,478100
2018-07-23,10.300000,10.500000,10.200000,10.200000,9.716180,1888700
2018-07-24,10.400000,10.400000,10.200000,10.200000,9.716180,1066200
2018-07-25,10.200000,10.500000,10.200000,10.300000,9.811435,986900
2018-07-26,10.300000,10.400000,10.300000,10.300000,9.811435,567300
2018-07-31,10.300000,10.400000,10.200000,10.200000,9.716180,86400
2018-08-01,10.200000,10.400000,10.200000,10.400000,9.906693,209900
2018-08-02,10.300000,10.400000,10.000000,10.100000,9.620923,346100
2018-08-03,10.100000,10.300000,10.100000,10.100000,9.620923,252500
2018-08-06,10.100000,10.300000,10.100000,10.100000,9.620923,81400
2018-08-07,10.100000,10.200000,10.000000,10.000000,9.525665,513900
2018-08-08,9.950000,10.200000,9.950000,10.200000,9.716180,669900
2018-08-09,10.200000,10.300000,10.000000,10.100000,9.620923,243400
2018-08-10,10.200000,10.700000,10.200000,10.500000,10.001949,2539900
2018-08-14,10.500000,11.100000,10.500000,11.000000,10.478231,7268700
2018-08-15,10.700000,10.700000,10.000000,10.100000,9.620923,6504600
2018-08-16,10.100000,10.300000,10.000000,10.200000,9.716180,1486400
2018-08-17,10.200000,10.600000,10.200000,10.500000,10.001949,2862000
2018-08-20,10.500000,10.600000,10.400000,10.400000,9.906693,655100
2018-08-21,10.500000,10.500000,10.300000,10.400000,9.906693,853900
2018-08-22,10.400000,10.500000,10.400000,10.400000,9.906693,266500
2018-08-23,10.500000,10.700000,10.400000,10.600000,10.097205,561500
2018-08-24,10.700000,10.700000,10.500000,10.600000,10.097205,477200
2018-08-27,10.600000,10.900000,10.600000,10.800000,10.287720,2537400
2018-08-28,11.300000,11.400000,10.800000,10.900000,10.421575,8626600
2018-08-29,10.800000,11.000000,10.600000,10.800000,10.325964,770400
2018-08-30,10.900000,11.000000,10.700000,10.800000,10.325964,558600
2018-08-31,10.800000,10.800000,10.600000,10.700000,10.230352,536000
2018-09-03,10.800000,11.100000,10.800000,10.900000,10.421575,1609500
2018-09-04,10.900000,11.000000,10.600000,10.600000,10.134742,1011200
2018-09-05,10.600000,10.700000,10.300000,10.300000,9.847909,2092800
2018-09-06,10.400000,10.400000,10.300000,10.300000,9.847909,296900
2018-09-07,10.300000,10.500000,10.300000,10.300000,9.847909,377700
2018-09-10,10.400000,10.500000,10.300000,10.300000,9.847909,295800
2018-09-11,10.400000,10.400000,10.300000,10.300000,9.847909,303000
2018-09-12,10.400000,10.400000,10.100000,10.300000,9.847909,443200
2018-09-13,10.300000,10.500000,10.300000,10.400000,9.943521,399300
2018-09-14,10.500000,10.800000,10.400000,10.500000,10.039131,2487900
2018-09-17,10.600000,10.600000,10.300000,10.400000,9.943521,736200
2018-09-18,10.400000,10.800000,10.400000,10.800000,10.325964,1416700
2018-09-19,10.800000,10.900000,10.700000,10.800000,10.325964,636400
2018-09-20,10.900000,11.100000,10.800000,11.000000,10.517184,2696300
2018-09-21,11.000000,11.400000,11.000000,11.400000,10.899630,2896900
2018-09-24,11.300000,11.800000,11.300000,11.500000,10.995239,7192000
2018-09-25,11.500000,11.600000,11.300000,11.600000,11.090850,2393100
2018-09-26,11.600000,11.700000,11.500000,11.600000,11.090850,1060500
2018-09-27,11.800000,11.900000,11.600000,11.900000,11.377682,4585100
2018-09-28,11.900000,11.900000,11.700000,11.700000,11.186460,1328400
2018-10-01,11.600000,12.300000,11.600000,12.300000,11.760126,8845400
HUMAN,1
2018-10-01,11.600000,12.300000,11.600000,12.300000,11.760126,8845400
2018-10-02,12.100000,12.200000,11.800000,11.800000,11.282071,5025900
2018-10-03,11.900000,11.900000,11.600000,11.600000,11.090850,2204800
2018-10-04,11.500000,11.800000,11.400000,11.600000,11.090850,4685400
2018-10-05,11.500000,12.100000,11.500000,11.800000,11.282071,5655200
2018-10-08,11.800000,12.000000,11.600000,11.700000,11.186460,1419700
2018-10-09,11.700000,11.900000,11.600000,11.800000,11.282071,1085200
2018-10-10,11.800000,12.200000,11.500000,11.500000,10.995239,4530300
2018-10-11,11.000000,11.300000,10.800000,11.300000,10.804018,7428700
2018-10-12,11.300000,11.600000,11.200000,11.500000,10.995239,1075500
2018-10-16,11.400000,11.700000,11.200000,11.700000,11.186460,1161200
2018-10-17,11.600000,11.700000,11.300000,11.300000,10.804018,600300
2018-10-18,11.300000,11.400000,11.200000,11.400000,10.899630,379400
2018-10-19,11.400000,11.400000,11.100000,11.100000,10.612797,613900
2018-10-22,11.200000,11.300000,10.900000,11.200000,10.708405,949300
2018-10-24,10.600000,10.900000,10.500000,10.800000,10.325964,2186200
2018-10-25,10.300000,10.800000,10.300000,10.600000,10.134742,2546200
2018-10-26,10.700000,11.000000,10.600000,10.800000,10.325964,1143300
2018-10-29,10.800000,10.900000,10.400000,10.500000,10.039131,974500
2018-10-30,10.500000,10.700000,10.500000,10.500000,10.039131,255000
2018-10-31,10.600000,10.800000,10.600000,10.700000,10.230352,187300
2018-11-01,10.700000,10.700000,10.400000,10.500000,10.039131,2117000
2018-11-02,10.500000,10.700000,10.500000,10.600000,10.134742,2315400
2018-11-05,10.600000,10.600000,10.500000,10.600000,10.134742,143700
2018-11-06,10.600000,10.800000,10.600000,10.800000,10.325964,328500
2018-11-07,10.700000,10.800000,10.600000,10.600000,10.134742,327300
2018-11-08,10.600000,10.800000,10.500000,10.500000,10.039131,371300
2018-11-09,10.500000,10.500000,10.300000,10.400000,9.943521,1905000
2018-11-12,10.300000,10.600000,10.300000,10.300000,9.847909,228500
2018-11-13,10.300000,10.400000,10.200000,10.400000,9.943521,408000
2018-11-14,10.400000,10.500000,10.200000,10.200000,9.752299,529700
2018-11-15,10.300000,10.400000,9.800000,9.800000,9.369855,2633500
2018-11-16,9.750000,9.750000,8.500000,9.150000,8.748386,4290600
2018-11-19,9.100000,9.150000,8.350000,8.400000,8.031303,3611500
2018-11-20,8.400000,8.900000,8.100000,8.700000,8.318136,7014800
HUMAN,5
2018-11-20,8.400000,8.900000,8.100000,8.700000,8.318136,7014800
2018-11-21,8.600000,8.950000,8.500000,8.900000,8.509358,3034000
2018-11-22,8.900000,9.100000,8.850000,9.000000,8.604969,833100
2018-11-23,9.000000,9.200000,8.900000,9.100000,8.700580,971500
2018-11-26,9.100000,9.300000,9.000000,9.250000,8.843997,885300
2018-11-27,9.250000,9.550000,9.250000,9.450000,9.035218,475000
2018-11-28,9.550000,10.000000,9.500000,9.950000,9.513272,2168200
2018-11-29,9.950000,10.100000,9.750000,9.850000,9.417663,1082200
2018-11-30,9.900000,10.000000,9.850000,9.950000,9.513272,451300
2018-12-03,10.100000,10.200000,9.950000,10.100000,9.656689,966200
2018-12-04,10.100000,10.100000,9.950000,9.950000,9.513272,439000
2018-12-06,9.950000,10.200000,9.850000,9.950000,9.513272,1430600
2018-12-07,9.950000,10.200000,9.950000,10.000000,9.561077,1257700
2018-12-11,10.100000,10.100000,9.900000,9.950000,9.513272,280300
2018-12-12,9.950000,10.000000,9.950000,9.950000,9.513272,263900
2018-12-13,10.000000,10.000000,9.750000,9.850000,9.417663,279100
2018-12-14,9.700000,10.000000,9.600000,10.000000,9.561077,669600
2018-12-17,9.950000,9.950000,9.550000,9.700000,9.274245,823700
2018-12-18,9.700000,9.700000,9.500000,9.500000,9.083023,923800
2018-12-19,9.600000,9.800000,9.550000,9.700000,9.274245,1022900
2018-12-20,9.600000,9.650000,9.550000,9.650000,9.226439,381200
2018-12-21,9.600000,9.650000,9.550000,9.600000,9.178634,561600
2018-12-24,9.600000,9.600000,9.450000,9.500000,9.083023,713600
2018-12-25,9.500000,9.500000,8.750000,8.950000,8.557163,2633300
2018-12-26,9.000000,9.100000,8.850000,8.950000,8.557163,882100
2018-12-27,9.150000,9.250000,9.100000,9.200000,8.796191,631300
2018-12-28,9.200000,9.500000,9.200000,9.300000,8.891801,513600
2019-01-02,9.250000,9.650000,9.250000,9.450000,9.035218,676300
2019-01-03,9.400000,9.600000,9.400000,9.500000,9.083023,826000
2019-01-04,9.500000,9.550000,9.500000,9.550000,9.130830,110900
2019-01-07,9.550000,9.950000,9.550000,9.900000,9.465466,813000
2019-01-08,9.900000,10.100000,9.750000,9.750000,9.322050,994000
2019-01-09,9.850000,9.850000,9.550000,9.750000,9.322050,2874300
2019-01-10,9.750000,9.800000,9.650000,9.800000,9.369855,507700
2019-01-11,9.800000,9.950000,9.800000,9.900000,9.465466,965800
2019-01-14,9.950000,9.950000,9.800000,9.800000,9.369855,345600
2019-01-15,9.800000,9.800000,9.350000,9.350000,8.939608,754000
2019-01-16,9.400000,9.650000,9.350000,9.550000,9.130830,338900
2019-01-17,9.700000,9.800000,9.550000,9.600000,9.178634,992200
2019-01-18,9.750000,9.750000,9.450000,9.450000,9.035218,352500
2019-01-21,9.650000,9.650000,9.450000,9.450000,9.035218,130300
2019-01-22,9.450000,9.450000,9.350000,9.400000,8.987412,509300
2019-01-23,9.450000,9.650000,9.400000,9.450000,9.035218,624700
2019-01-24,9.450000,9.500000,9.400000,9.400000,8.987412,632100
2019-01-25,9.450000,9.500000,9.300000,9.350000,8.939608,738300
2019-01-28,9.350000,9.450000,9.350000,9.400000,8.987412,589800
2019-01-29,9.400000,9.600000,9.350000,9.500000,9.083023,1463500
2019-01-30,9.550000,9.850000,9.550000,9.750000,9.322050,1570700
2019-01-31,9.950000,9.950000,9.750000,9.750000,9.322050,676200
2019-02-01,9.850000,9.950000,9.750000,9.800000,9.369855,1459100
2019-02-04,9.850000,9.850000,9.750000,9.800000,9.369855,644300
2019-02-05,9.850000,9.850000,9.750000,9.750000,9.322050,690500
2019-02-06,9.850000,10.500000,9.850000,10.400000,9.943521,3888600
HUMAN,1
2019-02-07,10.500000,10.500000,9.900000,10.000000,9.561077,2270400
2019-02-08,10.000000,10.000000,9.850000,9.850000,9.417663,469700
2019-02-11,9.850000,9.900000,9.850000,9.850000,9.417663,576600
2019-02-12,9.850000,9.900000,9.650000,9.650000,9.226439,810600
2019-02-13,9.850000,10.300000,9.850000,10.300000,9.847909,3297700
2019-02-14,10.300000,10.300000,10.100000,10.200000,9.752299,752800
2019-02-15,10.100000,10.200000,10.100000,10.100000,9.656689,715000
2019-02-18,10.000000,10.100000,9.900000,9.900000,9.465466,666400
2019-02-20,10.100000,10.200000,8.800000,8.800000,8.413749,1543500
2019-02-21,9.750000,9.950000,9.700000,9.850000,9.417663,579400
2019-02-22,9.950000,9.950000,9.800000,9.850000,9.417663,836700
2019-02-25,9.950000,9.950000,9.800000,9.850000,9.417663,261900
2019-02-26,9.700000,9.850000,9.300000,9.650000,9.226439,5487700
2019-02-27,9.650000,9.750000,9.550000,9.600000,9.178634,389000
2019-02-28,9.600000,9.700000,9.600000,9.650000,9.226439,567600
2019-03-01,9.800000,9.800000,9.650000,9.700000,9.274245,470200
2019-03-04,9.700000,9.900000,9.700000,9.900000,9.465466,614500
2019-03-05,9.950000,9.950000,9.650000,9.750000,9.322050,183500
2019-03-06,9.750000,9.850000,9.700000,9.800000,9.369855,159700
2019-03-07,9.800000,9.850000,9.750000,9.850000,9.417663,630700
2019-03-08,9.800000,9.800000,9.650000,9.750000,9.322050,213100
2019-03-11,9.750000,9.750000,9.600000,9.600000,9.178634,258000
2019-03-12,9.600000,9.700000,9.600000,9.650000,9.226439,167600
2019-03-13,9.650000,9.700000,9.500000,9.500000,9.083023,435000
2019-03-14,9.550000,9.700000,9.350000,9.700000,9.274245,566400
2019-03-15,9.650000,9.700000,9.450000,9.450000,9.035218,126700
2019-03-18,9.500000,9.550000,9.450000,9.500000,9.083023,225200
2019-03-19,9.550000,9.600000,9.500000,9.600000,9.178634,101000
2019-03-20,9.700000,9.700000,9.400000,9.450000,9.035218,758300
2019-03-21,9.500000,9.600000,9.450000,9.500000,9.083023,505700
2019-03-22,9.500000,9.500000,9.350000,9.400000,8.987412,652800
2019-03-25,9.400000,9.500000,9.400000,9.400000,8.987412,154900
2019-03-26,9.450000,9.500000,9.400000,9.500000,9.083023,173000
2019-03-27,9.500000,9.500000,9.350000,9.400000,8.987412,366300
2019-03-28,9.400000,9.400000,9.000000,9.350000,8.939608,451000
2019-03-29,9.300000,9.400000,9.250000,9.350000,8.939608,183500
2019-04-01,9.400000,9.400000,9.050000,9.100000,8.700580,807000
2019-04-02,9.100000,9.200000,9.100000,9.150000,8.748386,815400
2019-04-03,9.150000,9.150000,8.850000,8.850000,8.461554,1832400
2019-04-04,8.850000,8.900000,8.750000,8.800000,8.413749,1469800
2019-04-05,8.800000,8.850000,8.350000,8.400000,8.031303,3765800
2019-04-09,8.550000,8.800000,8.400000,8.550000,8.174721,7045700
2019-04-10,8.550000,8.650000,8.450000,8.550000,8.174721,4819900
2019-04-11,8.750000,8.750000,8.550000,8.650000,8.270332,1562600
2019-04-12,8.650000,8.650000,8.450000,8.500000,8.126915,1594700
2019-04-17,8.650000,8.650000,8.350000,8.400000,8.031303,1339200
2019-04-18,8.450000,8.450000,7.800000,8.000000,7.648862,5702500
2019-04-19,8.050000,8.200000,8.000000,8.050000,7.696667,610600
2019-04-22,8.150000,8.150000,7.950000,7.950000,7.601056,1864300
2019-04-23,8.100000,8.100000,8.000000,8.100000,7.744473,347300
2019-04-24,8.100000,8.150000,8.000000,8.100000,7.744473,233200
2019-04-25,8.100000,8.350000,8.100000,8.200000,7.840083,2621300
2019-04-26,8.200000,8.350000,8.100000,8.200000,7.840083,1007400
2019-04-29,8.200000,8.250000,8.200000,8.200000,7.840083,2453500
2019-04-30,8.250000,8.300000,8.200000,8.200000,7.840083,1222300
2019-05-02,8.200000,8.250000,8.150000,8.150000,7.792277,2534200
2019-05-03,8.200000,8.250000,8.200000,8.250000,7.887889,700300
2019-05-07,8.150000,8.150000,8.050000,8.150000,7.849364,1312000
2019-05-08,8.200000,8.200000,8.050000,8.100000,7.801208,2358100
2019-05-09,8.100000,8.200000,8.050000,8.100000,7.801208,755900
2019-05-10,8.000000,8.100000,7.950000,8.050000,7.753053,893500
2019-05-13,8.050000,8.250000,8.050000,8.200000,7.897520,995600
2019-05-14,8.200000,8.200000,8.100000,8.150000,7.849364,1288200
2019-05-15,8.150000,8.400000,8.150000,8.300000,7.993831,711100
2019-05-16,8.350000,8.350000,7.600000,8.100000,7.801208,2731200
2019-05-17,8.000000,8.050000,7.500000,7.600000,7.319652,2055400
2019-05-21,7.700000,7.850000,7.400000,7.450000,7.175185,1220900
2019-05-22,7.500000,7.650000,7.450000,7.450000,7.175185,1662300
2019-05-23,7.550000,7.550000,7.400000,7.400000,7.127030,299900
2019-05-24,7.500000,7.550000,7.050000,7.200000,6.934408,2087000
2019-05-27,7.150000,7.200000,6.550000,6.600000,6.356540,3820800
2019-05-28,6.650000,6.650000,5.950000,6.300000,6.067606,7911200
2019-05-29,6.250000,6.250000,5.650000,5.800000,5.586051,10326900
HUMAN,4
2019-05-29,6.250000,6.250000,5.650000,5.800000,5.586051,10326900
2019-05-30,5.850000,6.200000,5.700000,6.150000,5.923140,8594600
2019-05-31,6.150000,6.500000,6.050000,6.300000,6.067606,10882400
2019-06-04,6.400000,6.750000,6.300000,6.650000,6.404696,5497400
2019-06-05,6.700000,7.250000,6.650000,7.150000,6.886252,5905100
2019-06-06,7.200000,7.450000,7.100000,7.200000,6.934408,6207900
2019-06-07,7.250000,7.300000,7.100000,7.200000,6.934408,1310200
2019-06-10,7.300000,7.550000,7.300000,7.550000,7.271497,2028000
2019-06-11,7.550000,7.600000,7.400000,7.400000,7.127030,1424300
2019-06-12,7.450000,7.700000,7.400000,7.700000,7.415964,2420700
2019-06-13,7.800000,8.100000,7.750000,8.000000,7.704897,3751100
2019-06-14,8.100000,8.150000,8.000000,8.000000,7.704897,1513700
2019-06-17,8.000000,8.000000,7.550000,7.700000,7.415964,1983800
2019-06-18,7.900000,7.900000,7.700000,7.700000,7.415964,1043000
2019-06-19,7.800000,7.800000,7.650000,7.800000,7.512275,562800
2019-06-20,7.800000,7.900000,7.750000,7.800000,7.512275,626600
2019-06-21,7.900000,7.900000,7.750000,7.850000,7.560431,270600
2019-06-24,7.900000,7.900000,7.700000,7.700000,7.415964,534000
2019-06-25,7.800000,7.800000,7.700000,7.700000,7.415964,392500
2019-06-26,7.750000,7.850000,7.700000,7.750000,7.464119,427000
2019-06-27,7.800000,7.950000,7.800000,7.850000,7.560431,530800
2019-06-28,8.000000,8.000000,7.850000,7.900000,7.608586,375500
2019-07-01,7.900000,7.900000,7.750000,7.800000,7.512275,407500
2019-07-02,7.800000,7.850000,7.750000,7.800000,7.512275,85500
2019-07-03,7.750000,7.800000,7.700000,7.750000,7.464119,116800
2019-07-04,7.800000,7.800000,7.550000,7.600000,7.319652,461500
2019-07-05,7.600000,7.750000,7.600000,7.700000,7.415964,1249800
2019-07-08,7.850000,7.900000,7.750000,7.800000,7.512275,135800
2019-07-09,7.900000,8.500000,7.800000,8.300000,7.993831,9209500
2019-07-10,8.500000,8.850000,8.350000,8.700000,8.379075,5431900
2019-07-11,8.850000,9.200000,8.800000,9.050000,8.716166,5548600
2019-07-12,9.050000,9.450000,9.050000,9.350000,9.005099,3280500
HUMAN,2
2019-07-15,9.450000,9.450000,9.100000,9.200000,8.860631,1643400
2019-07-17,9.250000,9.250000,8.600000,8.600000,8.282764,3037100
2019-07-18,8.650000,8.900000,8.650000,8.850000,8.523542,611300
2019-07-19,8.950000,9.050000,8.900000,8.900000,8.571698,544400
2019-07-22,9.000000,9.050000,8.800000,8.800000,8.475387,452600
2019-07-23,9.000000,9.000000,8.850000,8.850000,8.523542,213100
2019-07-24,8.850000,9.000000,8.800000,8.800000,8.475387,306200
2019-07-25,8.800000,8.850000,8.650000,8.700000,8.379075,334000
2019-07-26,8.750000,8.800000,8.500000,8.500000,8.186455,261300
2019-07-30,8.500000,8.700000,8.350000,8.400000,8.090141,504300
2019-07-31,8.400000,8.700000,8.350000,8.600000,8.282764,485700
2019-08-01,8.800000,8.800000,8.400000,8.500000,8.186455,967500
2019-08-02,8.500000,8.500000,8.200000,8.350000,8.041987,686000
2019-08-05,8.200000,8.350000,8.200000,8.200000,7.897520,200600
2019-08-06,8.150000,8.300000,7.850000,8.300000,7.993831,497300
2019-08-07,8.200000,8.650000,8.200000,8.300000,7.993831,342800
2019-08-08,8.600000,8.600000,8.300000,8.300000,7.993831,30600
2019-08-09,8.500000,8.500000,8.000000,8.000000,7.704897,174100
2019-08-13,8.000000,8.100000,7.850000,8.100000,7.801208,544600
2019-08-14,8.000000,8.000000,7.400000,7.800000,7.512275,3402900
2019-08-15,7.500000,7.950000,7.400000,7.750000,7.464119,1440200
2019-08-16,8.100000,8.500000,8.000000,8.500000,8.186455,807100
2019-08-19,8.800000,8.800000,8.400000,8.400000,8.090141,195600
2019-08-20,8.250000,8.450000,8.200000,8.200000,7.897520,468900
2019-08-21,8.100000,8.300000,8.000000,8.250000,7.945674,427400
2019-08-22,8.250000,8.400000,8.250000,8.300000,7.993831,306500
2019-08-23,8.300000,8.400000,8.250000,8.350000,8.041987,118500
2019-08-26,8.150000,8.250000,8.150000,8.200000,7.897520,254800
2019-08-27,8.200000,8.350000,8.200000,8.200000,7.955731,285900
2019-08-28,8.300000,8.450000,8.300000,8.400000,8.149775,165800
2019-08-29,8.600000,8.600000,8.450000,8.550000,8.295306,185300
2019-08-30,8.650000,8.650000,8.500000,8.550000,8.295306,200200
2019-09-02,8.650000,8.650000,8.400000,8.500000,8.246796,180500
2019-09-03,8.500000,8.500000,8.400000,8.450000,8.198285,294500
2019-09-04,8.450000,8.500000,8.400000,8.450000,8.198285,191800
2019-09-05,8.450000,8.650000,8.450000,8.500000,8.246796,357800
2019-09-06,8.500000,8.550000,8.450000,8.500000,8.246796,353000
2019-09-09,8.500000,8.600000,8.400000,8.500000,8.246796,472200
2019-09-10,8.500000,8.550000,8.450000,8.500000,8.246796,360200
2019-09-11,8.500000,8.550000,8.500000,8.500000,8.246796,289600
2019-09-12,8.550000,8.600000,8.450000,8.500000,8.246796,394100
2019-09-13,8.550000,8.550000,8.500000,8.550000,8.295306,2172200
2019-09-16,8.500000,8.550000,8.450000,8.450000,8.198285,2107500
2019-09-17,8.550000,8.550000,8.500000,8.550000,8.295306,268700
2019-09-18,8.550000,8.550000,8.500000,8.500000,8.246796,309700
2019-09-19,8.500000,8.550000,8.450000,8.550000,8.295306,277500
2019-09-20,8.500000,8.500000,8.400000,8.500000,8.246796,114800
2019-09-23,8.500000,8.550000,8.450000,8.450000,8.198285,187100
2019-09-24,8.400000,8.550000,8.400000,8.500000,8.246796,192400
2019-09-25,8.450000,8.450000,8.150000,8.150000,7.907221,138700
2019-09-26,8.150000,8.200000,8.050000,8.050000,7.810201,2958600
2019-09-27,8.100000,8.300000,8.100000,8.200000,7.955731,28400
2019-09-30,8.250000,8.250000,8.200000,8.200000,7.955731,127900
2019-10-01,8.300000,8.300000,8.100000,8.100000,7.858711,410900
2019-10-02,8.100000,8.150000,8.050000,8.050000,7.810201,67500
2019-10-03,8.050000,8.050000,8.000000,8.050000,7.810201,188700
2019-10-04,8.050000,8.100000,8.050000,8.050000,7.810201,116200
2019-10-07,8.000000,8.050000,7.950000,8.000000,7.761690,2823100
2019-10-08,8.000000,8.050000,7.950000,7.950000,7.713179,1600600
2019-10-09,7.950000,7.950000,7.850000,7.950000,7.713179,260000
2019-10-10,8.000000,8.050000,7.950000,7.950000,7.713179,148600
2019-10-11,7.950000,8.000000,7.950000,7.950000,7.713179,50100
2019-10-15,8.100000,8.100000,8.000000,8.050000,7.810201,61700
2019-10-16,8.100000,8.100000,8.000000,8.050000,7.810201,71700
2019-10-17,8.000000,8.000000,7.950000,8.000000,7.761690,55900
2019-10-18,7.950000,7.950000,7.900000,7.900000,7.664670,98000
2019-10-21,7.900000,8.000000,7.900000,7.950000,7.713179,174000
2019-10-22,7.900000,7.950000,7.850000,7.900000,7.664670,90800
2019-10-24,8.050000,8.050000,7.950000,8.050000,7.810201,224800
2019-10-25,7.950000,7.950000,7.800000,7.900000,7.664670,51700
2019-10-28,7.800000,7.850000,7.700000,7.700000,7.470626,167200
2019-10-29,7.750000,7.750000,7.500000,7.600000,7.373606,394700
2019-10-30,7.600000,7.600000,7.450000,7.450000,7.228074,198100
2019-10-31,7.500000,7.800000,7.500000,7.750000,7.519137,377400
2019-11-01,7.650000,7.650000,7.500000,7.550000,7.325096,83000
2019-11-04,7.550000,7.650000,7.550000,7.650000,7.422117,111000
2019-11-05,7.650000,7.800000,7.650000,7.800000,7.567648,116300
2019-11-06,7.800000,7.800000,7.750000,7.800000,7.567648,116500
2019-11-07,7.950000,8.050000,7.900000,8.000000,7.761690,354400
2019-11-08,8.000000,8.050000,8.000000,8.050000,7.810201,313700
2019-11-11,8.000000,8.050000,7.950000,8.050000,7.810201,264000
2019-11-12,8.000000,8.050000,7.900000,7.950000,7.713179,125500
2019-11-13,7.950000,7.950000,7.750000,7.800000,7.567648,207000
2019-11-14,7.700000,7.800000,7.650000,7.700000,7.470626,112900
2019-11-15,7.650000,7.650000,7.000000,7.450000,7.228074,1622900
HUMAN,5
2019-11-15,7.650000,7.650000,7.000000,7.450000,7.228074,1622900
2019-11-18,7.450000,7.450000,7.350000,7.400000,7.179564,310100
2019-11-19,7.450000,7.450000,7.300000,7.350000,7.131052,206100
2019-11-20,7.400000,7.650000,7.400000,7.600000,7.373606,255700
2019-11-21,7.400000,7.400000,7.300000,7.300000,7.082542,231700
2019-11-22,7.300000,7.400000,7.300000,7.300000,7.082542,248300
2019-11-25,7.300000,7.350000,7.300000,7.350000,7.131052,110500
2019-11-26,7.300000,7.400000,7.250000,7.350000,7.131052,132500
2019-11-27,7.400000,7.450000,7.300000,7.300000,7.082542,197700
2019-11-28,7.350000,7.350000,7.300000,7.350000,7.131052,344700
2019-11-29,7.350000,7.400000,7.350000,7.350000,7.131052,83100
2019-12-02,7.300000,7.350000,7.300000,7.350000,7.131052,76600
2019-12-03,7.350000,7.350000,7.350000,7.350000,7.131052,105600
2019-12-04,7.350000,7.400000,7.350000,7.400000,7.179564,79400
2019-12-06,7.400000,7.600000,7.400000,7.500000,7.276584,373000
2019-12-09,7.500000,7.550000,7.500000,7.550000,7.325096,110000
2019-12-11,7.550000,7.950000,7.550000,7.950000,7.713179,1036700
2019-12-12,8.100000,8.250000,7.800000,7.850000,7.616158,1815900
2019-12-13,8.000000,8.000000,7.750000,7.800000,7.567648,710100
2019-12-16,7.850000,7.850000,7.600000,7.700000,7.470626,538500
2019-12-17,7.650000,7.700000,7.600000,7.600000,7.373606,254200
2019-12-18,7.700000,7.700000,7.600000,7.600000,7.373606,805400
2019-12-19,7.650000,7.700000,7.650000,7.700000,7.470626,314700
2019-12-20,7.700000,7.750000,7.650000,7.700000,7.470626,367100
2019-12-23,7.600000,7.700000,7.500000,7.700000,7.470626,593600
2019-12-24,7.650000,7.700000,7.600000,7.650000,7.422117,28000
2019-12-25,7.500000,7.750000,7.450000,7.750000,7.519137,194600
2019-12-26,7.700000,7.700000,7.650000,7.650000,7.422117,183200
2019-12-27,7.700000,7.700000,7.600000,7.600000,7.373606,192600
2019-12-30,7.700000,7.800000,7.600000,7.700000,7.470626,273500
2020-01-02,7.700000,7.750000,7.700000,7.750000,7.519137,134300
2020-01-03,7.800000,7.850000,7.750000,7.750000,7.519137,172000
2020-01-06,7.750000,8.000000,7.700000,7.700000,7.470626,1058500
2020-01-07,7.700000,8.050000,7.700000,8.050000,7.810201,830000
2020-01-08,7.950000,8.000000,7.800000,7.800000,7.567648,511800
2020-01-09,7.900000,7.950000,7.800000,7.850000,7.616158,373600
2020-01-10,7.850000,7.950000,7.850000,7.850000,7.616158,217500
2020-01-13,7.850000,7.900000,7.800000,7.850000,7.616158,108400
2020-01-14,7.850000,7.850000,7.750000,7.800000,7.567648,144700
2020-01-15,7.800000,7.900000,7.800000,7.850000,7.616158,233400
2020-01-16,7.900000,7.900000,7.800000,7.800000,7.567648,142100
2020-01-17,7.800000,7.850000,7.750000,7.850000,7.616158,378300
2020-01-20,7.850000,8.450000,7.700000,8.050000,7.810201,3370400
HUMAN,1
2020-01-20,7.850000,8.450000,7.700000,8.050000,7.810201,3370400
2020-01-21,8.050000,8.200000,7.850000,7.850000,7.616158,531300
2020-01-22,7.850000,7.950000,7.850000,7.950000,7.713179,51400
2020-01-23,8.000000,8.150000,8.000000,8.150000,7.907221,754800
2020-01-24,8.100000,8.150000,7.950000,8.150000,7.907221,303300
2020-01-27,7.950000,8.100000,7.600000,7.800000,7.567648,363500
2020-01-28,7.700000,7.950000,7.700000,7.850000,7.616158,188100
2020-01-29,7.850000,7.900000,7.850000,7.850000,7.616158,43400
2020-01-30,7.850000,7.850000,7.850000,7.850000,7.616158,26200
2020-01-31,7.850000,7.850000,7.800000,7.850000,7.616158,137800
2020-02-03,7.850000,7.850000,7.500000,7.600000,7.373606,763600
2020-02-04,7.650000,7.650000,7.550000,7.550000,7.325096,596700
2020-02-05,7.800000,7.800000,7.650000,7.800000,7.567648,119200
2020-02-06,7.800000,7.800000,7.750000,7.750000,7.519137,15000
2020-02-07,7.700000,7.700000,7.550000,7.600000,7.373606,577400
2020-02-11,7.600000,7.650000,7.550000,7.550000,7.325096,1136800
2020-02-12,7.550000,7.700000,7.550000,7.550000,7.325096,521900
2020-02-13,7.550000,7.600000,7.300000,7.300000,7.082542,562200
2020-02-14,7.350000,7.400000,7.150000,7.200000,6.985521,411700
2020-02-17,7.200000,7.500000,7.200000,7.250000,7.034031,234300
2020-02-18,7.150000,7.250000,7.150000,7.250000,7.034031,111900
2020-02-19,7.200000,7.250000,7.150000,7.150000,6.937010,136300
2020-02-20,7.200000,7.200000,7.000000,7.050000,6.839990,235800
2020-02-21,7.150000,7.150000,7.000000,7.050000,6.839990,165900
2020-02-24,7.050000,7.100000,6.700000,6.700000,6.500415,388600
2020-02-25,6.700000,6.950000,6.700000,6.850000,6.645947,572400
2020-02-26,6.750000,6.850000,6.600000,6.750000,6.548926,685000
2020-02-27,6.750000,7.000000,6.750000,6.950000,6.742968,1758500
2020-02-28,6.800000,6.950000,6.750000,6.950000,6.742968,815900
2020-03-02,6.950000,6.950000,6.800000,6.900000,6.694458,740100
2020-03-03,6.950000,7.000000,6.850000,6.900000,6.694458,624200
2020-03-04,6.850000,6.950000,6.750000,6.900000,6.694458,876600
2020-03-05,6.950000,7.100000,6.900000,6.900000,6.694458,639100
2020-03-06,6.900000,7.100000,6.850000,6.950000,6.742968,492600
2020-03-09,6.900000,7.000000,6.600000,6.800000,6.597437,379500
2020-03-10,6.650000,6.950000,6.650000,6.950000,6.742968,270200
2020-03-11,7.000000,7.000000,6.850000,6.900000,6.694458,178900
2020-03-12,6.850000,6.850000,6.100000,6.400000,6.209352,803500
2020-03-13,6.000000,6.200000,5.900000,6.100000,5.918289,826900
2020-03-16,5.550000,5.950000,5.500000,5.550000,5.384673,1033500
2020-03-17,5.500000,5.550000,5.200000,5.200000,5.045099,643200
2020-03-18,5.550000,5.550000,5.300000,5.400000,5.239141,245800
2020-03-19,5.400000,5.400000,5.000000,5.000000,4.851057,611800
HUMAN,1
2020-03-19,5.400000,5.400000,5.000000,5.000000,4.851057,611800
2020-03-20,5.250000,5.550000,5.250000,5.500000,5.336162,1000600
2020-03-23,5.100000,5.400000,5.050000,5.050000,4.899568,357700
2020-03-24,5.100000,5.350000,5.000000,5.200000,5.045099,1225100
2020-03-25,5.200000,5.400000,5.100000,5.250000,5.093609,1167900
2020-03-26,5.300000,5.600000,5.250000,5.500000,5.336162,1428500
2020-03-27,5.500000,5.750000,5.500000,5.600000,5.433183,498700
2020-03-30,5.750000,5.750000,5.750000,5.750000,5.578715,59600
2020-03-31,5.750000,6.300000,5.750000,6.100000,5.918289,244400
2020-04-01,6.150000,6.400000,6.100000,6.350000,6.160842,729300
2020-04-02,6.300000,6.900000,6.300000,6.850000,6.645947,392900
2020-04-03,7.000000,7.050000,6.900000,7.000000,6.791479,777400
2020-04-07,7.000000,7.150000,6.550000,6.700000,6.500415,239400
2020-04-08,6.700000,6.950000,6.600000,6.900000,6.694458,89100
2020-04-09,7.150000,7.200000,6.900000,6.900000,6.694458,666000
2020-04-10,6.850000,6.950000,6.850000,6.900000,6.694458,99400
2020-04-13,6.900000,6.950000,6.900000,6.900000,6.694458,402900
2020-04-14,6.900000,7.000000,6.900000,6.900000,6.694458,226400
2020-04-15,6.950000,6.950000,6.750000,6.900000,6.694458,131500
2020-04-16,6.900000,6.950000,6.850000,6.950000,6.742968,83700
2020-04-17,6.900000,7.000000,6.850000,6.900000,6.694458,128900
2020-04-20,6.900000,7.050000,6.900000,6.950000,6.742968,98600
2020-04-21,7.050000,7.050000,6.850000,6.900000,6.694458,21100
2020-04-22,6.550000,7.050000,6.550000,6.800000,6.597437,74700
2020-04-23,6.850000,6.850000,6.450000,6.550000,6.354884,445900
2020-04-24,6.450000,6.700000,6.400000,6.700000,6.500415,412700
2020-04-27,6.700000,6.700000,6.600000,6.700000,6.500415,120200
2020-04-28,6.700000,6.750000,6.600000,6.600000,6.403394,155300
2020-04-29,6.600000,6.700000,6.550000,6.600000,6.403394,148700
2020-04-30,6.650000,6.750000,6.550000,6.600000,6.403394,1396600
2020-05-05,6.600000,6.700000,6.550000,6.650000,6.451905,1012900
2020-05-07,6.550000,6.650000,6.550000,6.650000,6.510648,161000
2020-05-08,6.700000,6.700000,6.650000,6.650000,6.510648,66400
2020-05-11,6.600000,6.900000,6.600000,6.750000,6.608552,725300
2020-05-12,6.750000,6.900000,6.700000,6.750000,6.608552,706200
2020-05-13,7.200000,7.700000,6.900000,7.100000,6.951217,2147900
2020-05-14,7.150000,7.200000,7.050000,7.100000,6.951217,336200
2020-05-15,7.200000,7.250000,7.100000,7.200000,7.049122,1559500
2020-05-18,7.250000,7.400000,7.150000,7.250000,7.098074,792800
2020-05-19,7.400000,7.600000,7.350000,7.600000,7.440740,1638100
2020-05-20,7.650000,8.050000,7.650000,7.900000,7.734454,1725400
2020-05-21,7.900000,7.950000,7.750000,7.800000,7.636549,294800
2020-05-22,7.850000,7.850000,7.550000,7.700000,7.538644,790300
2020-05-25,7.700000,7.950000,7.700000,7.900000,7.734454,820800
2020-05-26,8.050000,8.050000,7.900000,8.000000,7.832358,608300
2020-05-27,8.000000,8.000000,7.900000,7.950000,7.783405,576800
2020-05-28,7.950000,8.000000,7.700000,7.950000,7.783405,455000
2020-05-29,8.000000,8.050000,7.850000,8.000000,7.832358,2843500
2020-06-01,7.800000,8.450000,7.800000,8.300000,8.126072,5209900
2020-06-02,8.300000,8.300000,8.150000,8.200000,8.028166,1270800
2020-06-04,8.250000,8.300000,7.600000,7.900000,7.734454,3984200
2020-06-05,8.000000,8.100000,7.900000,7.950000,7.783405,1625800
2020-06-08,8.050000,8.150000,7.900000,8.000000,7.832358,2355000
2020-06-09,7.950000,8.100000,7.850000,8.000000,7.832358,1302100
2020-06-10,7.900000,8.050000,7.850000,7.950000,7.783405,330400
2020-06-11,7.850000,8.000000,7.850000,7.900000,7.734454,187500
2020-06-12,7.600000,7.950000,7.600000,7.900000,7.734454,241300
2020-06-15,8.000000,8.200000,7.850000,7.900000,7.734454,988100
2020-06-16,8.000000,8.000000,7.850000,7.850000,7.685502,336100
2020-06-17,7.850000,8.000000,7.800000,8.000000,7.832358,248500
2020-06-18,8.000000,8.000000,7.900000,7.950000,7.783405,136600
2020-06-19,8.000000,8.200000,7.950000,8.150000,7.979215,2594000
2020-06-22,8.150000,8.150000,7.900000,8.000000,7.832358,2519400
2020-06-23,8.000000,8.050000,7.950000,8.050000,7.881310,1223000
2020-06-24,8.100000,8.400000,7.800000,7.800000,7.636549,5388100
2020-06-25,7.550000,7.900000,7.450000,7.750000,7.587597,1297200
2020-06-26,7.800000,8.100000,7.750000,7.850000,7.685502,1193200
2020-06-29,7.900000,8.200000,7.750000,8.100000,7.930263,1899000
2020-06-30,8.150000,8.800000,8.100000,8.700000,8.517689,19446200
2020-07-01,8.800000,9.250000,8.250000,8.400000,8.223975,18147700
HUMAN,5
2020-07-01,8.800000,9.250000,8.250000,8.400000,8.223975,18147700
2020-07-02,8.400000,8.600000,8.250000,8.250000,8.077119,4007300
2020-07-03,8.300000,8.300000,8.050000,8.200000,8.028166,3215500
2020-07-07,8.300000,8.350000,8.100000,8.100000,7.930263,2010000
2020-07-08,8.150000,8.250000,8.000000,8.150000,7.979215,1139300
2020-07-09,8.150000,8.250000,8.000000,8.200000,8.028166,2056800
2020-07-10,8.250000,8.250000,8.050000,8.050000,7.881310,927300
2020-07-13,8.100000,8.150000,8.050000,8.050000,7.881310,767400
2020-07-14,8.050000,8.200000,8.000000,8.100000,7.930263,1354100
2020-07-15,8.150000,8.200000,8.100000,8.100000,7.930263,553600
2020-07-16,8.200000,8.600000,8.100000,8.450000,8.272927,2969400
2020-07-17,8.550000,8.700000,8.250000,8.250000,8.077119,2017500
2020-07-20,8.400000,8.400000,8.200000,8.300000,8.126072,686600
2020-07-21,8.300000,8.400000,8.200000,8.300000,8.126072,917300
2020-07-22,8.350000,8.600000,8.250000,8.250000,8.077119,2310800
2020-07-23,8.250000,8.400000,8.100000,8.150000,7.979215,1360600
2020-07-24,8.250000,8.250000,8.050000,8.150000,7.979215,546000
2020-07-29,8.200000,8.400000,8.150000,8.200000,8.028166,625100
2020-07-30,8.300000,8.800000,8.100000,8.200000,8.028166,6997700
2020-07-31,8.150000,8.350000,8.150000,8.200000,8.028166,1977100
2020-08-03,8.350000,8.350000,8.200000,8.250000,8.077119,971000
2020-08-04,8.300000,8.500000,8.200000,8.500000,8.321879,2106600
2020-08-05,8.500000,9.150000,8.450000,8.650000,8.468737,9551300
2020-08-06,8.650000,8.750000,8.350000,8.400000,8.223975,3111000
2020-08-07,8.400000,9.200000,8.350000,8.550000,8.370833,7776600
2020-08-10,8.550000,8.900000,8.500000,8.700000,8.517689,2699700
2020-08-11,8.750000,8.950000,8.750000,8.800000,8.615595,2033800
2020-08-13,8.250000,8.500000,8.050000,8.100000,7.930263,4422900
2020-08-14,8.100000,8.200000,8.100000,8.100000,7.930263,1398300
2020-08-17,8.100000,8.200000,7.800000,8.050000,7.881310,3297200
2020-08-18,8.000000,8.100000,8.000000,8.000000,7.832358,482900
2020-08-19,8.000000,8.250000,8.000000,8.100000,7.930263,1280000
2020-08-20,8.000000,8.150000,7.950000,8.000000,7.832358,1533100
2020-08-21,8.000000,8.050000,7.650000,8.000000,7.832358,1576500
2020-08-24,8.000000,8.150000,7.950000,8.150000,7.979215,514000
2020-08-25,8.050000,8.150000,8.050000,8.050000,7.881310,264100
2020-08-26,8.000000,8.150000,8.000000,8.100000,7.989814,261800
2020-08-27,8.100000,8.250000,8.100000,8.100000,7.989814,250800
2020-08-28,8.200000,8.200000,8.100000,8.150000,8.039134,194700
2020-08-31,8.200000,8.200000,8.050000,8.050000,7.940494,141200
2020-09-01,8.100000,8.100000,8.000000,8.000000,7.891174,318500
2020-09-02,8.200000,8.650000,8.150000,8.450000,8.335052,2183700
2020-09-03,8.600000,9.050000,8.550000,8.800000,8.680292,6144600
2020-09-08,8.800000,9.100000,8.700000,8.700000,8.581652,2781500
2020-09-09,8.300000,8.650000,8.300000,8.450000,8.335052,2135900
2020-09-10,8.500000,8.850000,8.400000,8.400000,8.285732,2337600
2020-09-11,8.400000,8.500000,8.250000,8.250000,8.137774,2487600
2020-09-14,8.250000,8.300000,8.100000,8.250000,8.137774,1400400
2020-09-15,8.300000,8.650000,8.300000,8.650000,8.532331,569900
2020-09-16,8.550000,8.550000,8.450000,8.450000,8.335052,184600
2020-09-17,8.450000,8.500000,8.300000,8.400000,8.285732,315900
2020-09-18,8.450000,8.750000,8.300000,8.650000,8.532331,1435200
2020-09-21,8.700000,8.850000,8.300000,8.350000,8.236414,2164200
2020-09-22,8.300000,8.550000,8.300000,8.500000,8.384372,628700
2020-09-23,8.600000,8.600000,8.350000,8.400000,8.285732,428100
2020-09-24,8.400000,8.600000,8.350000,8.450000,8.335052,1291900
2020-09-25,8.500000,8.500000,8.350000,8.350000,8.236414,427800
2020-09-28,8.350000,8.600000,8.300000,8.450000,8.335052,911700
2020-09-29,8.400000,8.800000,8.400000,8.450000,8.335052,1849600
2020-09-30,8.500000,8.550000,8.150000,8.200000,8.088453,2256100
2020-10-01,8.300000,8.400000,8.150000,8.350000,8.236414,997000
2020-10-02,8.350000,8.600000,8.300000,8.550000,8.433693,1182200
2020-10-05,8.600000,8.600000,8.400000,8.500000,8.384372,695400
2020-10-06,8.550000,8.550000,8.100000,8.250000,8.137774,3213900
2020-10-07,8.200000,8.350000,8.200000,8.250000,8.137774,739800
2020-10-08,8.250000,8.300000,8.000000,8.250000,8.137774,1632100
2020-10-09,8.200000,8.200000,8.000000,8.050000,7.940494,878900
2020-10-12,8.050000,8.150000,8.000000,8.100000,7.989814,1307600
2020-10-14,8.100000,8.200000,8.100000,8.150000,8.039134,441300
2020-10-15,8.150000,8.350000,8.150000,8.200000,8.088453,788800
2020-10-16,8.200000,8.300000,7.950000,8.050000,7.940494,888500
2020-10-19,8.000000,8.200000,7.950000,8.050000,7.940494,1539900
HUMAN,2
2020-10-19,8.000000,8.200000,7.950000,8.050000,7.940494,1539900
2020-10-20,8.000000,8.300000,8.000000,8.200000,8.088453,1075800
2020-10-21,8.200000,8.550000,8.150000,8.250000,8.137774,2126700
2020-10-22,8.250000,8.450000,8.250000,8.250000,8.137774,1431800
2020-10-26,8.250000,8.300000,8.200000,8.200000,8.088453,1048700
2020-10-27,8.200000,8.300000,8.050000,8.200000,8.088453,755500
2020-10-28,8.100000,8.200000,8.100000,8.200000,8.088453,540700
2020-10-29,8.150000,8.150000,8.000000,8.150000,8.039134,370300
2020-10-30,8.100000,8.200000,8.000000,8.050000,7.940494,307300
2020-11-02,8.050000,8.200000,7.950000,8.200000,8.088453,279600
2020-11-03,8.250000,8.250000,8.050000,8.250000,8.137774,849800
2020-11-04,8.250000,8.400000,8.150000,8.350000,8.236414,1154500
2020-11-05,8.350000,8.600000,8.250000,8.400000,8.285732,3688200
2020-11-06,8.450000,8.500000,8.400000,8.450000,8.335052,888900
2020-11-09,8.500000,8.500000,8.100000,8.350000,8.236414,551900
2020-11-10,8.400000,8.800000,8.350000,8.650000,8.532331,1248000
2020-11-11,8.700000,8.750000,8.550000,8.700000,8.581652,645800
2020-11-12,8.700000,9.100000,8.700000,8.800000,8.680292,2633100
2020-11-13,8.850000,9.000000,8.800000,8.900000,8.778932,1429800
2020-11-16,9.050000,9.050000,8.600000,8.700000,8.581652,787800
2020-11-17,8.700000,8.800000,8.300000,8.300000,8.187093,921700
2020-11-18,8.300000,8.750000,8.300000,8.600000,8.483013,1111000
2020-11-19,8.600000,9.000000,8.600000,8.900000,8.778932,2101900
2020-11-20,8.900000,8.900000,8.700000,8.850000,8.729611,996800
2020-11-23,8.900000,8.900000,8.700000,8.700000,8.581652,1050200
2020-11-24,8.700000,8.750000,8.550000,8.550000,8.433693,1122300
2020-11-25,8.550000,8.800000,8.350000,8.800000,8.680292,1570200
2020-11-26,8.800000,9.000000,8.750000,8.900000,8.778932,2312100
2020-11-27,8.900000,8.950000,8.700000,8.950000,8.828251,1014700
2020-11-30,8.950000,8.950000,8.500000,8.600000,8.483013,1854500
2020-12-01,8.600000,8.700000,8.550000,8.650000,8.532331,1110400
2020-12-02,8.650000,8.700000,8.500000,8.600000,8.483013,1344700
2020-12-03,8.650000,9.400000,8.650000,9.250000,9.124170,9142300
2020-12-04,9.250000,9.250000,9.000000,9.000000,8.877571,1929500
2020-12-08,9.000000,9.400000,9.000000,9.100000,8.976212,1978100
2020-12-09,9.150000,9.250000,9.000000,9.100000,8.976212,585700
2020-12-14,9.000000,9.050000,8.850000,9.000000,8.877571,815600
2020-12-15,9.000000,9.400000,9.000000,9.100000,8.976212,2397000
2020-12-16,9.050000,9.200000,9.000000,9.200000,9.074850,920500
2020-12-17,9.250000,9.300000,9.150000,9.200000,9.074850,391500
2020-12-18,9.200000,9.650000,9.150000,9.550000,9.420090,1709500
2020-12-21,9.000000,9.300000,8.850000,8.900000,8.778932,2832900
2020-12-22,8.900000,9.100000,8.900000,9.000000,8.877571,484300
2020-12-23,8.950000,9.150000,8.950000,9.050000,8.926890,394400
2020-12-24,9.050000,9.200000,8.900000,9.150000,9.025531,709400
2020-12-25,9.200000,9.200000,9.100000,9.150000,9.025531,261200
2020-12-28,9.050000,9.100000,8.900000,9.000000,8.877571,1276900
2020-12-29,8.950000,9.100000,8.900000,9.100000,8.976212,1688900
2020-12-30,9.150000,9.150000,8.900000,8.950000,8.828251,1758400
2021-01-04,9.000000,9.000000,8.850000,8.950000,8.828251,711200
2021-01-05,9.000000,9.200000,9.000000,9.200000,9.074850,1016500
2021-01-06,9.200000,9.500000,9.050000,9.250000,9.124170,1820400
2021-01-07,9.300000,9.300000,9.100000,9.100000,8.976212,770400
2021-01-08,9.100000,9.300000,9.100000,9.150000,9.025531,339600
2021-01-11,9.150000,9.150000,8.600000,8.850000,8.729611,2290900
2021-01-12,8.850000,9.000000,8.700000,8.950000,8.828251,2068100
2021-01-13,8.950000,9.200000,8.900000,9.050000,8.926890,2021500
2021-01-14,9.100000,9.400000,9.000000,9.200000,9.074850,2478400
2021-01-15,9.250000,9.300000,9.100000,9.150000,9.025531,727400
2021-01-18,9.150000,9.400000,9.150000,9.400000,9.272129,2025700
2021-01-19,9.450000,10.600000,9.450000,9.850000,9.716008,8643900
2021-01-20,9.950000,10.200000,9.750000,9.800000,9.666689,7771600
2021-01-21,9.900000,10.700000,9.850000,10.000000,9.863968,35965500
2021-01-22,10.000000,10.300000,9.750000,9.750000,9.617369,18313200
2021-01-25,9.850000,10.800000,9.850000,10.700000,10.554445,19027000
2021-01-26,10.700000,11.400000,10.600000,11.000000,10.850365,7104500
2021-01-27,11.000000,11.300000,11.000000,11.200000,11.047644,10210700
2021-01-28,11.100000,11.500000,10.900000,11.200000,11.047644,9264000
2021-01-29,11.400000,11.700000,10.800000,11.200000,11.047644,22710300
2021-02-01,11.500000,11.500000,11.000000,11.300000,11.146284,6399900
2021-02-02,11.300000,11.500000,10.800000,10.800000,10.653085,12196000
2021-02-03,10.900000,11.000000,10.900000,11.000000,10.850365,1136300
2021-02-04,11.100000,11.100000,10.800000,10.900000,10.751725,472100
2021-02-05,11.100000,11.100000,10.700000,10.900000,10.751725,2165100
2021-02-08,11.000000,11.100000,10.800000,11.100000,10.949005,435900
2021-02-09,11.100000,11.500000,10.900000,11.000000,10.850365,14403200
2021-02-10,11.000000,11.300000,10.200000,10.500000,10.357166,35691100
2021-02-11,10.500000,11.400000,10.400000,11.100000,10.949005,13390200
2021-02-15,11.000000,11.400000,10.800000,10.800000,10.653085,4045300
2021-02-16,10.800000,11.100000,10.600000,10.600000,10.455806,1707000
2021-02-17,10.700000,10.900000,10.700000,10.700000,10.554445,602800
2021-02-18,10.800000,11.200000,10.600000,10.700000,10.554445,6336700
2021-02-19,10.700000,10.800000,10.400000,10.500000,10.357166,1532100
2021-02-22,10.600000,10.600000,10.100000,10.500000,10.357166,1677200
2021-02-23,10.400000,10.500000,10.300000,10.400000,10.258526,581100
2021-02-24,10.300000,10.600000,10.300000,10.400000,10.258526,493300
2021-02-25,10.400000,10.600000,10.400000,10.400000,10.258526,806100
2021-03-01,10.400000,10.500000,10.100000,10.400000,10.258526,510300
2021-03-02,10.300000,10.400000,10.200000,10.200000,10.061247,340800
2021-03-03,10.200000,10.600000,9.750000,10.300000,10.159887,6081700
2021-03-04,10.300000,10.800000,10.200000,10.600000,10.455806,1511400
2021-03-05,10.500000,10.600000,10.400000,10.400000,10.258526,304300
2021-03-08,10.600000,10.600000,10.000000,10.100000,9.962608,976100
2021-03-09,10.000000,10.600000,10.000000,10.500000,10.357166,1277700
2021-03-10,10.500000,10.800000,10.300000,10.400000,10.258526,2953200
2021-03-11,10.400000,10.600000,10.400000,10.400000,10.258526,381800
2021-03-12,10.500000,10.500000,10.200000,10.300000,10.159887,559000
2021-03-15,10.400000,10.700000,10.300000,10.400000,10.258526,1980900
2021-03-16,10.500000,10.500000,9.800000,10.100000,9.962608,5868900
2021-03-17,10.300000,10.300000,10.000000,10.100000,9.962608,1745900
2021-03-18,10.100000,10.300000,10.100000,10.300000,10.159887,1114300
2021-03-19,10.300000,10.400000,10.100000,10.300000,10.159887,287500
2021-03-22,10.300000,10.400000,10.100000,10.200000,10.061247,600600
2021-03-23,10.100000,10.300000,10.000000,10.100000,9.962608,829300
2021-03-24,10.100000,10.300000,10.100000,10.200000,10.061247,528200
2021-03-25,10.200000,10.400000,10.100000,10.100000,9.962608,483600
2021-03-26,10.200000,10.700000,10.100000,10.500000,10.357166,2500700
2021-03-29,10.700000,11.200000,10.500000,10.900000,10.751725,6259800
2021-03-30,11.100000,11.200000,10.600000,10.600000,10.455806,3120700
2021-03-31,10.700000,10.800000,10.500000,10.500000,10.357166,966500
2021-04-01,10.600000,11.000000,10.500000,10.800000,10.653085,3094600
2021-04-02,11.000000,11.100000,10.600000,10.600000,10.455806,1123800
2021-04-05,10.600000,10.700000,10.200000,10.600000,10.455806,1874000
2021-04-07,10.400000,10.500000,10.300000,10.300000,10.159887,981400
2021-04-08,10.200000,10.400000,10.200000,10.200000,10.061247,960100
2021-04-09,10.200000,10.500000,10.200000,10.200000,10.061247,1284400
2021-04-12,10.300000,10.400000,10.100000,10.100000,9.962608,1004800
2021-04-16,10.100000,10.400000,10.000000,10.400000,10.258526,994500
2021-04-19,10.400000,10.400000,10.200000,10.300000,10.159887,840600
2021-04-20,10.300000,10.700000,10.200000,10.500000,10.357166,1211300
2021-04-21,10.500000,10.600000,10.400000,10.600000,10.455806,867000
2021-04-22,10.800000,10.900000,10.500000,10.500000,10.357166,1349600
2021-04-23,10.500000,10.600000,10.400000,10.500000,10.357166,653900
2021-04-26,10.400000,10.600000,10.300000,10.600000,10.536081,761100
2021-04-27,10.600000,10.800000,10.500000,10.500000,10.436684,855700
2021-04-28,10.500000,11.000000,10.500000,10.900000,10.834271,2387600
2021-04-29,11.000000,11.000000,10.700000,10.800000,10.734875,562900
2021-04-30,10.900000,11.200000,10.700000,10.700000,10.635477,2174100
2021-05-05,10.700000,10.800000,10.500000,10.700000,10.635477,901100
2021-05-06,10.800000,11.000000,10.700000,10.800000,10.734875,539400
2021-05-07,11.000000,11.000000,10.500000,10.700000,10.635477,501900
2021-05-10,10.700000,10.700000,10.400000,10.400000,10.337286,909000
2021-05-11,10.400000,10.500000,10.200000,10.200000,10.138493,1637300
2021-05-12,9.400000,9.900000,9.200000,9.600000,9.542111,4983300
2021-05-13,9.500000,9.700000,9.200000,9.700000,9.641507,2852500
2021-05-14,9.750000,10.200000,9.700000,9.950000,9.890000,2031700
2021-05-17,9.650000,9.750000,9.450000,9.550000,9.492413,1082700
2021-05-18,9.550000,9.700000,9.550000,9.650000,9.591808,280800
2021-05-19,9.650000,9.800000,9.500000,9.800000,9.740905,1069800
2021-05-20,9.750000,9.750000,9.600000,9.650000,9.591808,627700
2021-05-21,9.650000,9.800000,9.550000,9.800000,9.740905,397700
2021-05-24,9.650000,9.700000,9.500000,9.650000,9.591808,251000
2021-05-25,9.550000,9.750000,9.550000,9.600000,9.542111,850400
2021-05-27,9.650000,9.700000,9.500000,9.700000,9.641507,527200
2021-05-28,9.700000,9.850000,9.700000,9.850000,9.790604,3398800
2021-05-31,9.850000,9.850000,9.750000,9.800000,9.740905,374400
2021-06-01,9.900000,9.900000,9.750000,9.900000,9.840302,435200
2021-06-02,9.900000,9.900000,9.700000,9.800000,9.740905,1546200
2021-06-04,9.800000,9.800000,9.650000,9.750000,9.691206,633700
2021-06-07,9.700000,9.750000,9.650000,9.700000,9.641507,321500
2021-06-08,9.700000,9.700000,9.550000,9.550000,9.492413,612100
2021-06-09,9.600000,9.700000,9.500000,9.500000,9.442714,2389200
2021-06-10,9.500000,9.550000,9.300000,9.400000,9.343316,1092000
2021-06-11,9.400000,9.650000,9.300000,9.450000,9.393015,1445300
2021-06-14,9.550000,9.700000,9.400000,9.700000,9.641507,2466300
2021-06-15,9.700000,9.700000,9.500000,9.500000,9.442714,1407000
2021-06-16,9.400000,9.500000,9.350000,9.500000,9.442714,2286600
2021-06-17,9.500000,9.650000,9.450000,9.600000,9.542111,1041300
2021-06-18,9.600000,9.600000,9.400000,9.450000,9.393015,407000
2021-06-21,9.350000,9.400000,9.200000,9.250000,9.194221,735000
2021-06-22,9.250000,9.450000,9.200000,9.200000,9.144523,1137700
2021-06-23,9.250000,9.250000,9.050000,9.050000,8.995427,642000
2021-06-24,9.050000,9.250000,9.000000,9.200000,9.144523,817800
2021-06-25,9.200000,9.250000,9.100000,9.100000,9.045126,199000
2021-06-28,9.050000,9.200000,9.050000,9.150000,9.094824,186800
2021-06-29,9.200000,9.200000,9.100000,9.100000,9.045126,187700
2021-06-30,9.100000,9.350000,9.100000,9.250000,9.194221,334600
2021-07-01,9.250000,9.450000,9.250000,9.400000,9.343316,420000
2021-07-02,9.500000,9.550000,9.300000,9.350000,9.293618,740500
2021-07-05,9.300000,9.500000,9.250000,9.350000,9.293618,427200
2021-07-06,9.500000,9.500000,9.350000,9.500000,9.442714,277000
2021-07-07,9.500000,9.550000,9.350000,9.400000,9.343316,364200
2021-07-08,9.400000,9.400000,9.200000,9.200000,9.144523,327400
2021-07-09,9.050000,9.300000,9.050000,9.250000,9.194221,137000
2021-07-12,9.250000,9.450000,9.150000,9.150000,9.094824,677200
2021-07-13,9.150000,9.300000,9.150000,9.200000,9.144523,127800
2021-07-14,9.250000,9.250000,9.150000,9.200000,9.144523,139500
2021-07-15,9.200000,9.200000,9.150000,9.150000,9.094824,179800
2021-07-16,9.100000,9.200000,9.100000,9.150000,9.094824,143700
2021-07-19,9.150000,9.200000,9.000000,9.000000,8.945728,1030000
2021-07-20,9.000000,9.200000,8.950000,9.050000,8.995427,496500
2021-07-21,9.000000,9.300000,9.000000,9.300000,9.243920,476700
2021-07-22,9.350000,9.350000,9.200000,9.250000,9.194221,129300
2021-07-23,9.250000,9.500000,9.250000,9.450000,9.393015,446800
2021-07-27,9.500000,9.550000,9.450000,9.450000,9.393015,380500
2021-07-29,9.550000,9.550000,9.400000,9.450000,9.393015,683400
2021-07-30,9.500000,9.500000,9.400000,9.500000,9.442714,283500
2021-08-02,9.500000,9.500000,9.400000,9.400000,9.343316,231800
2021-08-03,9.800000,10.700000,9.800000,10.400000,10.337286,9853300
2021-08-04,10.500000,10.500000,10.100000,10.400000,10.337286,1314400
2021-08-05,10.800000,10.900000,10.300000,10.800000,10.734875,5753200
2021-08-06,10.200000,10.600000,9.950000,10.400000,10.337286,2542400
2021-08-09,10.200000,10.600000,10.200000,10.500000,10.436684,481900
2021-08-10,10.800000,11.100000,10.400000,10.700000,10.635477,6258500
2021-08-11,10.700000,10.700000,10.000000,10.000000,9.939698,1229300
2021-08-13,10.200000,10.300000,9.950000,10.200000,10.138493,1963800
2021-08-16,10.100000,10.200000,9.800000,9.800000,9.740905,865900
2021-08-17,9.900000,10.200000,9.900000,9.950000,9.890000,190400
2021-08-18,9.950000,10.400000,9.950000,10.200000,10.138493,620100
2021-08-19,10.200000,10.400000,9.950000,10.000000,9.939698,190700
2021-08-20,9.950000,10.200000,9.900000,9.950000,9.890000,360300
2021-08-23,9.900000,10.100000,9.900000,10.000000,10.000000,178600
2021-08-24,10.000000,10.200000,10.000000,10.100000,10.100000,86700
2021-08-25,10.200000,10.400000,10.100000,10.200000,10.200000,122400
2021-08-26,10.300000,10.300000,10.100000,10.200000,10.200000,136900
2021-08-27,10.200000,10.500000,10.200000,10.400000,10.400000,551200
2021-08-30,10.600000,10.600000,10.200000,10.400000,10.400000,399200
2021-08-31,10.300000,10.300000,10.200000,10.200000,10.200000,291600
2021-09-01,10.100000,10.300000,9.750000,10.000000,10.000000,3912500
2021-09-02,9.900000,10.000000,9.900000,9.900000,9.900000,608400
2021-09-03,9.900000,10.100000,9.900000,9.950000,9.950000,359100
2021-09-06,9.900000,10.500000,9.800000,10.400000,10.400000,928400
2021-09-07,10.300000,10.900000,10.200000,10.600000,10.600000,1751400
2021-09-08,10.600000,10.600000,10.300000,10.600000,10.600000,2426000
2021-09-09,10.600000,11.600000,10.600000,11.600000,11.600000,9741600
2021-09-10,11.700000,11.800000,11.200000,11.600000,11.600000,12381400
2021-09-13,11.900000,12.000000,11.100000,11.100000,11.100000,17188500
HUMAN,3
2021-01-29,11.400000,11.700000,10.800000,11.200000,11.047644,22710300
2021-02-01,11.500000,11.500000,11.000000,11.300000,11.146284,6399900
2021-02-02,11.300000,11.500000,10.800000,10.800000,10.653085,12196000
2021-02-03,10.900000,11.000000,10.900000,11.000000,10.850365,1136300
2021-02-04,11.100000,11.100000,10.800000,10.900000,10.751725,472100
2021-02-05,11.100000,11.100000,10.700000,10.900000,10.751725,2165100
2021-02-08,11.000000,11.100000,10.800000,11.100000,10.949005,435900
2021-02-09,11.100000,11.500000,10.900000,11.000000,10.850365,14403200
2021-02-10,11.000000,11.300000,10.200000,10.500000,10.357166,35691100
2021-02-11,10.500000,11.400000,10.400000,11.100000,10.949005,13390200
2021-02-15,11.000000,11.400000,10.800000,10.800000,10.653085,4045300
2021-02-16,10.800000,11.100000,10.600000,10.600000,10.455806,1707000
2021-02-17,10.700000,10.900000,10.700000,10.700000,10.554445,602800
2021-02-18,10.800000,11.200000,10.600000,10.700000,10.554445,6336700
2021-02-19,10.700000,10.800000,10.400000,10.500000,10.357166,1532100
2021-02-22,10.600000,10.600000,10.100000,10.500000,10.357166,1677200
2021-02-23,10.400000,10.500000,10.300000,10.400000,10.258526,581100
2021-02-24,10.300000,10.600000,10.300000,10.400000,10.258526,493300
2021-02-25,10.400000,10.600000,10.400000,10.400000,10.258526,806100
2021-03-01,10.400000,10.500000,10.100000,10.400000,10.258526,510300
2021-03-02,10.300000,10.400000,10.200000,10.200000,10.061247,340800
2021-03-03,10.200000,10.600000,9.750000,10.300000,10.159887,6081700
2021-03-04,10.300000,10.800000,10.200000,10.600000,10.455806,1511400
2021-03-05,10.500000,10.600000,10.400000,10.400000,10.258526,304300
2021-03-08,10.600000,10.600000,10.000000,10.100000,9.962608,976100
2021-03-09,10.000000,10.600000,10.000000,10.500000,10.357166,1277700
2021-03-10,10.500000,10.800000,10.300000,10.400000,10.258526,2953200
2021-03-11,10.400000,10.600000,10.400000,10.400000,10.258526,381800
2021-03-12,10.500000,10.500000,10.200000,10.300000,10.159887,559000
2021-03-15,10.400000,10.700000,10.300000,10.400000,10.258526,1980900
2021-03-16,10.500000,10.500000,9.800000,10.100000,9.962608,5868900
2021-03-17,10.300000,10.300000,10.000000,10.100000,9.962608,1745900
2021-03-18,10.100000,10.300000,10.100000,10.300000,10.159887,1114300
2021-03-19,10.300000,10.400000,10.100000,10.300000,10.159887,287500
2021-03-22,10.300000,10.400000,10.100000,10.200000,10.061247,600600
2021-03-23,10.100000,10.300000,10.000000,10.100000,9.962608,829300
2021-03-24,10.100000,10.300000,10.100000,10.200000,10.061247,528200
2021-03-25,10.200000,10.400000,10.100000,10.100000,9.962608,483600
2021-03-26,10.200000,10.700000,10.100000,10.500000,10.357166,2500700
2021-03-29,10.700000,11.200000,10.500000,10.900000,10.751725,6259800
2021-03-30,11.100000,11.200000,10.600000,10.600000,10.455806,3120700
2021-03-31,10.700000,10.800000,10.500000,10.500000,10.357166,966500
2021-04-01,10.600000,11.000000,10.500000,10.800000,10.653085,3094600
2021-04-02,11.000000,11.100000,10.600000,10.600000,10.455806,1123800
2021-04-05,10.600000,10.700000,10.200000,10.600000,10.455806,1874000
2021-04-07,10.400000,10.500000,10.300000,10.300000,10.159887,981400
2021-04-08,10.200000,10.400000,10.200000,10.200000,10.061247,960100
2021-04-09,10.200000,10.500000,10.200000,10.200000,10.061247,1284400
2021-04-12,10.300000,10.400000,10.100000,10.100000,9.962608,1004800
2021-04-16,10.100000,10.400000,10.000000,10.400000,10.258526,994500
2021-04-19,10.400000,10.400000,10.200000,10.300000,10.159887,840600
2021-04-20,10.300000,10.700000,10.200000,10.500000,10.357166,1211300
2021-04-21,10.500000,10.600000,10.400000,10.600000,10.455806,867000
2021-04-22,10.800000,10.900000,10.500000,10.500000,10.357166,1349600
2021-04-23,10.500000,10.600000,10.400000,10.500000,10.357166,653900
2021-04-26,10.400000,10.600000,10.300000,10.600000,10.536081,761100
2021-04-27,10.600000,10.800000,10.500000,10.500000,10.436684,855700
2021-04-28,10.500000,11.000000,10.500000,10.900000,10.834271,2387600
2021-04-29,11.000000,11.000000,10.700000,10.800000,10.734875,562900
2021-04-30,10.900000,11.200000,10.700000,10.700000,10.635477,2174100
2021-05-05,10.700000,10.800000,10.500000,10.700000,10.635477,901100
2021-05-06,10.800000,11.000000,10.700000,10.800000,10.734875,539400
2021-05-07,11.000000,11.000000,10.500000,10.700000,10.635477,501900
2021-05-10,10.700000,10.700000,10.400000,10.400000,10.337286,909000
2021-05-11,10.400000,10.500000,10.200000,10.200000,10.138493,1637300
2021-05-12,9.400000,9.900000,9.200000,9.600000,9.542111,4983300
2021-05-13,9.500000,9.700000,9.200000,9.700000,9.641507,2852500
2021-05-14,9.750000,10.200000,9.700000,9.950000,9.890000,2031700
2021-05-17,9.650000,9.750000,9.450000,9.550000,9.492413,1082700
2021-05-18,9.550000,9.700000,9.550000,9.650000,9.591808,280800
2021-05-19,9.650000,9.800000,9.500000,9.800000,9.740905,1069800
2021-05-20,9.750000,9.750000,9.600000,9.650000,9.591808,627700
2021-05-21,9.650000,9.800000,9.550000,9.800000,9.740905,397700
2021-05-24,9.650000,9.700000,9.500000,9.650000,9.591808,251000
2021-05-25,9.550000,9.750000,9.550000,9.600000,9.542111,850400
2021-05-27,9.650000,9.700000,9.500000,9.700000,9.641507,527200
2021-05-28,9.700000,9.850000,9.700000,9.850000,9.790604,3398800
2021-05-31,9.850000,9.850000,9.750000,9.800000,9.740905,374400
2021-06-01,9.900000,9.900000,9.750000,9.900000,9.840302,435200
2021-06-02,9.900000,9.900000,9.700000,9.800000,9.740905,1546200
2021-06-04,9.800000,9.800000,9.650000,9.750000,9.691206,633700
2021-06-07,9.700000,9.750000,9.650000,9.700000,9.641507,321500
2021-06-08,9.700000,9.700000,9.550000,9.550000,9.492413,612100
2021-06-09,9.600000,9.700000,9.500000,9.500000,9.442714,2389200
2021-06-10,9.500000,9.550000,9.300000,9.400000,9.343316,1092000
2021-06-11,9.400000,9.650000,9.300000,9.450000,9.393015,1445300
2021-06-14,9.550000,9.700000,9.400000,9.700000,9.641507,2466300
2021-06-15,9.700000,9.700000,9.500000,9.500000,9.442714,1407000
2021-06-16,9.400000,9.500000,9.350000,9.500000,9.442714,2286600
2021-06-17,9.500000,9.650000,9.450000,9.600000,9.542111,1041300
2021-06-18,9.600000,9.600000,9.400000,9.450000,9.393015,407000
2021-06-21,9.350000,9.400000,9.200000,9.250000,9.194221,735000
2021-06-22,9.250000,9.450000,9.200000,9.200000,9.144523,1137700
2021-06-23,9.250000,9.250000,9.050000,9.050000,8.995427,642000
2021-06-24,9.050000,9.250000,9.000000,9.200000,9.144523,817800
2021-06-25,9.200000,9.250000,9.100000,9.100000,9.045126,199000
2021-06-28,9.050000,9.200000,9.050000,9.150000,9.094824,186800
2021-06-29,9.200000,9.200000,9.100000,9.100000,9.045126,187700
2021-06-30,9.100000,9.350000,9.100000,9.250000,9.194221,334600
2021-07-01,9.250000,9.450000,9.250000,9.400000,9.343316,420000
2021-07-02,9.500000,9.550000,9.300000,9.350000,9.293618,740500
2021-07-05,9.300000,9.500000,9.250000,9.350000,9.293618,427200
2021-07-06,9.500000,9.500000,9.350000,9.500000,9.442714,277000
2021-07-07,9.500000,9.550000,9.350000,9.400000,9.343316,364200
2021-07-08,9.400000,9.400000,9.200000,9.200000,9.144523,327400
2021-07-09,9.050000,9.300000,9.050000,9.250000,9.194221,137000
2021-07-12,9.250000,9.450000,9.150000,9.150000,9.094824,677200
2021-07-13,9.150000,9.300000,9.150000,9.200000,9.144523,127800
2021-07-14,9.250000,9.250000,9.150000,9.200000,9.144523,139500
2021-07-15,9.200000,9.200000,9.150000,9.150000,9.094824,179800
2021-07-16,9.100000,9.200000,9.100000,9.150000,9.094824,143700
2021-07-19,9.150000,9.200000,9.000000,9.000000,8.945728,1030000
2021-07-20,9.000000,9.200000,8.950000,9.050000,8.995427,496500
HUMAN,3
2021-07-20,9.000000,9.200000,8.950000,9.050000,8.995427,496500
2021-07-21,9.000000,9.300000,9.000000,9.300000,9.243920,476700
2021-07-22,9.350000,9.350000,9.200000,9.250000,9.194221,129300
2021-07-23,9.250000,9.500000,9.250000,9.450000,9.393015,446800
2021-07-27,9.500000,9.550000,9.450000,9.450000,9.393015,380500
2021-07-29,9.550000,9.550000,9.400000,9.450000,9.393015,683400
2021-07-30,9.500000,9.500000,9.400000,9.500000,9.442714,283500
2021-08-02,9.500000,9.500000,9.400000,9.400000,9.343316,231800
2021-08-03,9.800000,10.700000,9.800000,10.400000,10.337286,9853300
2021-08-04,10.500000,10.500000,10.100000,10.400000,10.337286,1314400
2021-08-05,10.800000,10.900000,10.300000,10.800000,10.734875,5753200
2021-08-06,10.200000,10.600000,9.950000,10.400000,10.337286,2542400
2021-08-09,10.200000,10.600000,10.200000,10.500000,10.436684,481900
2021-08-10,10.800000,11.100000,10.400000,10.700000,10.635477,6258500
2021-08-11,10.700000,10.700000,10.000000,10.000000,9.939698,1229300
2021-08-13,10.200000,10.300000,9.950000,10.200000,10.138493,1963800
2021-08-16,10.100000,10.200000,9.800000,9.800000,9.740905,865900
2021-08-17,9.900000,10.200000,9.900000,9.950000,9.890000,190400
2021-08-18,9.950000,10.400000,9.950000,10.200000,10.138493,620100
2021-08-19,10.200000,10.400000,9.950000,10.000000,9.939698,190700
2021-08-20,9.950000,10.200000,9.900000,9.950000,9.890000,360300
2021-08-23,9.900000,10.100000,9.900000,10.000000,10.000000,178600
2021-08-24,10.000000,10.200000,10.000000,10.100000,10.100000,86700
2021-08-25,10.200000,10.400000,10.100000,10.200000,10.200000,122400
2021-08-26,10.300000,10.300000,10.100000,10.200000,10.200000,136900
2021-08-27,10.200000,10.500000,10.200000,10.400000,10.400000,551200
2021-08-30,10.600000,10.600000,10.200000,10.400000,10.400000,399200
2021-08-31,10.300000,10.300000,10.200000,10.200000,10.200000,291600
2021-09-01,10.100000,10.300000,9.750000,10.000000,10.000000,3912500
2021-09-02,9.900000,10.000000,9.900000,9.900000,9.900000,608400
2021-09-03,9.900000,10.100000,9.900000,9.950000,9.950000,359100
2021-09-06,9.900000,10.500000,9.800000,10.400000,10.400000,928400
2021-09-07,10.300000,10.900000,10.200000,10.600000,10.600000,1751400
2021-09-08,10.600000,10.600000,10.300000,10.600000,10.600000,2426000
2021-09-09,10.600000,11.600000,10.600000,11.600000,11.600000,9741600
2021-09-10,11.700000,11.800000,11.200000,11.600000,11.600000,12381400
2021-09-13,11.900000,12.000000,11.100000,11.100000,11.100000,17188500
