NEX,1
2018-04-24,4.106173,4.137281,3.981744,3.981744,3.981744,9531340
2018-04-25,3.950636,3.981744,3.639563,3.670670,3.670670,12751477
2018-04-26,3.670670,3.732885,3.639563,3.732885,3.732885,5048320
2018-04-27,3.763992,3.795099,3.670670,3.732885,3.732885,3534209
2018-04-30,3.732885,3.763992,3.639563,3.732885,3.732885,1800376
2018-05-02,3.732885,3.732885,3.701777,3.732885,3.732885,816848
2018-05-03,3.701777,3.732885,3.639563,3.701777,3.701777,940612
2018-05-04,3.732885,3.732885,3.328489,3.328489,3.328489,5970931
2018-05-07,3.297381,3.452918,3.204059,3.359596,3.359596,4023965
2018-05-08,3.359596,3.421811,3.297381,3.421811,3.421811,898982
2018-05-09,3.421811,3.701777,3.421811,3.639563,3.639563,4080704
2018-05-10,3.670670,3.826207,3.608455,3.639563,3.639563,4196110
2018-05-11,3.732885,3.732885,3.639563,3.701777,3.701777,866836
2018-05-14,3.732885,3.732885,3.546240,3.546240,3.546240,1099096
2018-05-15,3.608455,3.608455,3.484026,3.484026,3.484026,641487
2018-05-16,3.172952,3.235167,2.961422,3.060965,3.060965,8449603
2018-05-17,3.073408,3.204059,3.048522,3.060965,3.060965,1287154
2018-05-18,3.048522,3.060965,2.973865,3.023637,3.023637,1214663
2018-05-21,3.011194,3.036079,2.973865,2.986308,2.986308,596803
2018-05-22,2.986308,3.098294,2.986308,3.060965,3.060965,1696060
2018-05-23,3.060965,3.060965,2.998751,3.060965,3.060965,1466693
2018-05-24,3.060965,3.060965,2.961422,2.961422,2.961422,993976
2018-05-25,3.011194,3.011194,2.961422,3.011194,3.011194,1235880
2018-05-28,2.986308,3.023637,2.973865,3.011194,3.011194,718639
2018-05-30,2.986308,2.998751,2.948979,2.973865,2.973865,374509
2018-05-31,2.986308,2.998751,2.911650,2.961422,2.961422,374509
2018-06-01,2.973865,3.011194,2.936536,2.998751,2.998751,897697
2018-06-04,2.986308,2.998751,2.936536,2.998751,2.998751,643416
2018-06-05,2.998751,3.036079,2.924093,2.924093,2.924093,1542720
2018-06-06,2.936536,2.961422,2.899207,2.899207,2.899207,927272
2018-06-07,2.936536,2.936536,2.849435,2.861878,2.861878,605804
2018-06-08,2.899207,2.986308,2.899207,2.973865,2.973865,1732547
2018-06-11,2.961422,3.141845,2.961422,3.110737,3.110737,4504880
2018-06-12,3.110737,3.110737,2.961422,3.011194,3.011194,2917796
2018-06-13,3.011194,3.011194,2.948979,2.998751,2.998751,1491286
2018-06-14,2.998751,3.023637,2.973865,3.023637,3.023637,630879
2018-06-15,2.998751,3.011194,2.973865,2.986308,2.986308,786630
2018-06-18,2.986308,2.998751,2.899207,2.899207,2.899207,1523593
2018-06-19,2.899207,2.924093,2.812106,2.812106,2.812106,461626
2018-06-20,2.812106,2.861878,2.799663,2.861878,2.861878,300250
2018-06-21,2.861878,2.899207,2.762335,2.861878,2.861878,2531232
2018-06-22,2.812106,2.824549,2.799663,2.824549,2.824549,312466
2018-06-25,2.836992,2.836992,2.774778,2.799663,2.799663,333682
2018-06-26,2.749892,2.787220,2.749892,2.787220,2.787220,99011
2018-06-27,2.799663,2.886764,2.762335,2.762335,2.762335,636022
2018-06-28,2.799663,2.799663,2.712563,2.737449,2.737449,401994
2018-06-29,2.737449,2.737449,2.600576,2.600576,2.600576,884195
2018-07-02,2.613019,2.700120,2.613019,2.700120,2.700120,821509
2018-07-03,2.662791,2.737449,2.662791,2.737449,2.737449,431569
2018-07-04,2.787220,2.899207,2.700120,2.861878,2.861878,1481320
2018-07-05,2.861878,2.899207,2.712563,2.712563,2.712563,2983215
2018-07-06,2.812106,2.836992,2.700120,2.836992,2.836992,1008281
2018-07-09,2.849435,2.936536,2.836992,2.936536,2.936536,1472962
2018-07-10,2.948979,2.961422,2.924093,2.948979,2.948979,510329
2018-07-11,2.936536,2.961422,2.899207,2.961422,2.961422,336254
2018-07-12,2.924093,2.961422,2.899207,2.924093,2.924093,403441
2018-07-13,2.948979,2.948979,2.861878,2.874321,2.874321,404887
2018-07-16,2.861878,2.861878,2.787220,2.824549,2.824549,913288
2018-07-17,2.799663,2.824549,2.737449,2.799663,2.799663,1018086
2018-07-18,2.774778,2.799663,2.737449,2.737449,2.737449,654346
2018-07-19,2.737449,2.824549,2.737449,2.737449,2.737449,636826
2018-07-20,2.737449,2.774778,2.725006,2.762335,2.762335,537653
2018-07-23,2.774778,2.812106,2.725006,2.725006,2.725006,415174
2018-07-24,2.712563,2.762335,2.637905,2.762335,2.762335,1981684
2018-07-25,2.725006,2.762335,2.662791,2.662791,2.662791,1568759
2018-07-26,2.687677,2.687677,2.588133,2.637905,2.637905,1348233
2018-07-31,2.613019,2.650348,2.613019,2.637905,2.637905,67668
2018-08-01,2.650348,2.662791,2.600576,2.613019,2.613019,226152
2018-08-02,2.613019,2.625462,2.575690,2.575690,2.575690,144338
2018-08-03,2.575690,2.575690,2.426375,2.426375,2.426375,2560485
2018-08-06,2.438818,2.438818,2.314388,2.426375,2.426375,782933
2018-08-07,2.364160,2.438818,2.364160,2.413932,2.413932,667365
2018-08-08,2.426375,2.451261,2.301945,2.364160,2.364160,1393560
2018-08-09,2.389046,2.389046,2.339274,2.389046,2.389046,291409
2018-08-10,2.364160,2.389046,2.364160,2.389046,2.389046,132444
2018-08-14,2.364160,2.364160,2.339274,2.364160,2.364160,443303
2018-08-15,2.339274,2.364160,2.314388,2.314388,2.314388,396690
2018-08-16,2.314388,2.364160,2.314388,2.364160,2.364160,117817
2018-08-17,2.376603,2.426375,2.351717,2.351717,2.351717,2941103
2018-08-20,2.351717,2.364160,2.351717,2.351717,2.351717,303786
2018-08-21,2.364160,2.389046,2.351717,2.376603,2.376603,58989
2018-08-22,2.326831,2.364160,2.326831,2.364160,2.364160,109459
2018-08-23,2.364160,2.364160,2.301945,2.351717,2.351717,335129
2018-08-24,2.314388,2.351717,2.301945,2.351717,2.351717,1959020
2018-08-27,2.351717,2.351717,2.326831,2.351717,2.351717,309412
2018-08-28,2.314388,2.351717,2.314388,2.339274,2.339274,216025
2018-08-29,2.339274,2.438818,2.301945,2.339274,2.339274,2169099
2018-08-30,2.339274,2.351717,2.326831,2.351717,2.351717,222133
2018-08-31,2.326831,2.364160,2.314388,2.314388,2.314388,246886
2018-09-03,2.314388,2.314388,2.301945,2.314388,2.314388,278229
2018-09-04,2.289502,2.289502,2.152630,2.165073,2.165073,2768475
2018-09-05,2.165073,2.165073,2.040643,2.077972,2.077972,2004026
2018-09-06,2.077972,2.177516,1.990872,2.177516,2.177516,1651376
NEX,3
2018-09-06,2.077972,2.177516,1.990872,2.177516,2.177516,1651376
2018-09-07,2.177516,2.227288,2.102858,2.227288,2.227288,420157
2018-09-10,2.202402,2.227288,2.202402,2.227288,2.227288,29735
2018-09-11,2.189959,2.227288,2.152630,2.214845,2.214845,241100
2018-09-12,2.152630,2.202402,2.152630,2.202402,2.202402,160572
2018-09-13,2.202402,2.227288,2.202402,2.202402,2.202402,457126
2018-09-14,2.202402,2.202402,2.202402,2.202402,2.202402,14948
2018-09-17,2.202402,2.239731,2.115301,2.115301,2.115301,1485981
2018-09-18,2.152630,2.177516,2.102858,2.165073,2.165073,894803
2018-09-19,2.202402,2.277059,2.165073,2.177516,2.177516,2042923
2018-09-20,2.202402,2.376603,2.177516,2.252174,2.252174,8849990
2018-09-21,2.252174,2.314388,2.239731,2.277059,2.277059,2253966
2018-09-24,2.289502,2.376603,2.277059,2.351717,2.351717,2293185
2018-09-25,2.376603,2.737449,2.364160,2.687677,2.687677,42064781
2018-09-26,2.700120,2.762335,2.662791,2.725006,2.725006,9765529
2018-09-27,2.787220,2.861878,2.712563,2.712563,2.712563,7262586
2018-09-28,2.700120,2.799663,2.687677,2.799663,2.799663,4459231
2018-10-01,2.812106,2.812106,2.687677,2.737449,2.737449,3527780
2018-10-02,2.700120,2.749892,2.613019,2.613019,2.613019,4307981
2018-10-03,2.625462,2.650348,2.575690,2.625462,2.625462,4585246
2018-10-04,2.625462,2.625462,2.525918,2.600576,2.600576,1689309
2018-10-05,2.588133,2.675234,2.575690,2.613019,2.613019,2270040
2018-10-08,2.613019,2.637905,2.550804,2.550804,2.550804,800935
2018-10-09,2.575690,2.575690,2.525918,2.575690,2.575690,448607
2018-10-10,2.538361,2.575690,2.525918,2.575690,2.575690,619306
2018-10-11,2.501033,2.501033,2.438818,2.463704,2.463704,1216592
2018-10-12,2.451261,2.525918,2.451261,2.476147,2.476147,257655
2018-10-16,2.488590,2.488590,2.426375,2.476147,2.476147,319216
2018-10-17,2.438818,2.476147,2.438818,2.476147,2.476147,194969
2018-10-18,2.451261,2.600576,2.438818,2.588133,2.588133,1499483
2018-10-19,2.625462,2.625462,2.538361,2.538361,2.538361,1241506
2018-10-22,2.476147,2.650348,2.476147,2.650348,2.650348,578962
2018-10-24,2.613019,2.874321,2.550804,2.675234,2.675234,12581420
2018-10-25,2.700120,2.712563,2.600576,2.600576,2.600576,2610795
2018-10-26,2.675234,2.725006,2.538361,2.538361,2.538361,8425332
2018-10-29,2.575690,2.662791,2.538361,2.563247,2.563247,7038523
2018-10-30,2.600576,2.637905,2.563247,2.563247,2.563247,2249787
2018-10-31,2.575690,2.600576,2.550804,2.600576,2.600576,1321712
2018-11-01,2.600576,2.600576,2.538361,2.538361,2.538361,1038178
2018-11-02,2.538361,2.588133,2.525918,2.563247,2.563247,1012943
2018-11-05,2.550804,2.575690,2.525918,2.525918,2.525918,330307
2018-11-06,2.525918,2.575690,2.525918,2.550804,2.550804,1098292
2018-11-07,2.563247,2.575690,2.525918,2.563247,2.563247,642773
2018-11-08,2.563247,2.675234,2.513476,2.675234,2.675234,1679987
2018-11-09,2.650348,2.662791,2.513476,2.513476,2.513476,2682000
2018-11-12,2.550804,2.550804,2.501033,2.501033,2.501033,347345
2018-11-13,2.476147,2.501033,2.463704,2.501033,2.501033,636022
2018-11-14,2.501033,2.538361,2.476147,2.538361,2.538361,573015
2018-11-15,2.538361,2.538361,2.488590,2.538361,2.538361,325806
2018-11-16,2.538361,2.637905,2.513476,2.550804,2.550804,309894
2018-11-19,2.513476,2.525918,2.476147,2.513476,2.513476,511614
2018-11-20,2.488590,2.501033,2.463704,2.488590,2.488590,382224
2018-11-21,2.488590,2.488590,2.463704,2.488590,2.488590,706745
2018-11-22,2.488590,2.488590,2.463704,2.488590,2.488590,715264
2018-11-23,2.488590,2.513476,2.476147,2.488590,2.488590,343326
2018-11-26,2.476147,2.488590,2.463704,2.476147,2.476147,582337
2018-11-27,2.476147,2.600576,2.476147,2.538361,2.538361,16313172
2018-11-28,2.513476,2.538361,2.513476,2.525918,2.525918,563371
2018-11-29,2.550804,2.550804,2.501033,2.525918,2.525918,265531
2018-11-30,2.525918,2.525918,2.488590,2.513476,2.513476,197702
2018-12-03,2.488590,2.525918,2.488590,2.513476,2.513476,540868
2018-12-04,2.488590,2.525918,2.488590,2.525918,2.525918,322431
2018-12-06,2.488590,2.501033,2.476147,2.476147,2.476147,837743
2018-12-07,2.488590,2.488590,2.476147,2.476147,2.476147,807364
2018-12-11,2.476147,2.488590,2.451261,2.488590,2.488590,457126
2018-12-12,2.488590,2.501033,2.463704,2.501033,2.501033,128586
2018-12-13,2.476147,2.476147,2.451261,2.476147,2.476147,483004
2018-12-14,2.476147,2.488590,2.451261,2.488590,2.488590,534921
2018-12-17,2.476147,2.488590,2.451261,2.476147,2.476147,843851
2018-12-18,2.451261,2.476147,2.451261,2.476147,2.476147,887892
2018-12-19,2.463704,2.463704,2.451261,2.451261,2.451261,202524
2018-12-20,2.426375,2.451261,2.426375,2.451261,2.451261,181146
2018-12-21,2.438818,2.438818,2.426375,2.438818,2.438818,356507
2018-12-24,2.413932,2.438818,2.401489,2.438818,2.438818,45005
2018-12-25,2.413932,2.426375,2.364160,2.364160,2.364160,435105
2018-12-26,2.376603,2.376603,2.326831,2.364160,2.364160,455197
2018-12-27,2.364160,2.364160,2.339274,2.351717,2.351717,190630
2018-12-28,2.314388,2.364160,2.252174,2.364160,2.364160,572372
2019-01-02,2.301945,2.389046,2.301945,2.389046,2.389046,65740
2019-01-03,2.364160,2.401489,2.364160,2.401489,2.401489,148035
2019-01-04,2.364160,2.426375,2.364160,2.426375,2.426375,219240
2019-01-07,2.438818,2.476147,2.438818,2.476147,2.476147,48059
2019-01-08,2.463704,2.538361,2.463704,2.488590,2.488590,612877
2019-01-09,2.488590,2.488590,2.438818,2.488590,2.488590,42755
2019-01-10,2.488590,2.488590,2.401489,2.463704,2.463704,303143
2019-01-11,2.438818,2.451261,2.413932,2.451261,2.451261,215704
2019-01-14,2.488590,2.488590,2.463704,2.476147,2.476147,436552
2019-01-15,2.438818,2.463704,2.389046,2.463704,2.463704,295106
2019-01-16,2.413932,2.463704,2.413932,2.463704,2.463704,232260
2019-01-17,2.426375,2.426375,2.426375,2.426375,2.426375,33754
2019-01-18,2.401489,2.426375,2.389046,2.426375,2.426375,650970
2019-01-21,2.401489,2.426375,2.401489,2.426375,2.426375,289802
2019-01-22,2.426375,2.426375,2.389046,2.426375,2.426375,266657
2019-01-23,2.413932,2.413932,2.401489,2.413932,2.413932,147071
2019-01-24,2.401489,2.426375,2.389046,2.426375,2.426375,322592
2019-01-25,2.438818,2.513476,2.401489,2.426375,2.426375,145785
2019-01-28,2.438818,2.550804,2.438818,2.451261,2.451261,1667289
2019-01-29,2.426375,2.463704,2.426375,2.463704,2.463704,207024
2019-01-30,2.476147,2.488590,2.463704,2.488590,2.488590,481075
2019-01-31,2.525918,2.662791,2.525918,2.588133,2.588133,7401620
2019-02-01,2.588133,2.700120,2.588133,2.700120,2.700120,4042770
2019-02-04,2.700120,3.060965,2.700120,2.986308,2.986308,22858565
2019-02-05,3.073408,3.204059,3.036079,3.204059,3.204059,21517243
2019-02-06,3.204059,3.266274,3.085851,3.085851,3.085851,7145250
NEX,1
2019-02-06,3.204059,3.266274,3.085851,3.085851,3.085851,7145250
2019-02-07,3.110737,3.110737,2.924093,2.961422,2.961422,11335735
2019-02-08,2.936536,3.023637,2.936536,2.998751,2.998751,4372917
2019-02-11,3.011194,3.073408,2.986308,2.986308,2.986308,4927609
2019-02-12,2.986308,3.011194,2.849435,2.849435,2.849435,6996732
2019-02-13,2.849435,2.899207,2.824549,2.899207,2.899207,3296163
2019-02-14,2.899207,3.011194,2.874321,2.899207,2.899207,3142662
2019-02-15,2.886764,2.886764,2.861878,2.861878,2.861878,430444
2019-02-18,2.899207,2.911650,2.861878,2.911650,2.911650,621235
2019-02-20,2.911650,2.911650,2.861878,2.874321,2.874321,219883
2019-02-21,2.886764,2.948979,2.861878,2.948979,2.948979,1313997
2019-02-22,2.948979,3.023637,2.948979,2.986308,2.986308,1668575
2019-02-25,2.948979,2.961422,2.911650,2.911650,2.911650,519651
2019-02-26,2.936536,2.961422,2.849435,2.874321,2.874321,1109222
2019-02-27,2.886764,2.886764,2.799663,2.812106,2.812106,1121598
2019-02-28,2.762335,2.836992,2.762335,2.824549,2.824549,2252359
2019-03-01,2.824549,2.924093,2.824549,2.886764,2.886764,5614263
2019-03-04,2.899207,2.899207,2.836992,2.861878,2.861878,355703
2019-03-05,2.836992,2.861878,2.799663,2.861878,2.861878,189826
2019-03-06,2.861878,2.861878,2.749892,2.774778,2.774778,1667610
2019-03-07,2.762335,2.774778,2.700120,2.762335,2.762335,1445798
2019-03-08,2.762335,2.774778,2.725006,2.749892,2.749892,171984
2019-03-11,2.737449,2.737449,2.637905,2.675234,2.675234,1388577
2019-03-12,2.650348,2.725006,2.625462,2.725006,2.725006,2004026
2019-03-13,2.725006,2.737449,2.662791,2.687677,2.687677,3294556
2019-03-14,2.700120,2.700120,2.662791,2.675234,2.675234,474646
2019-03-15,2.662791,2.675234,2.637905,2.675234,2.675234,524795
2019-03-18,2.650348,2.662791,2.637905,2.662791,2.662791,267460
2019-03-19,2.637905,2.650348,2.600576,2.637905,2.637905,566425
2019-03-20,2.613019,2.613019,2.550804,2.575690,2.575690,760269
2019-03-21,2.550804,2.575690,2.501033,2.575690,2.575690,1111151
2019-03-22,2.575690,2.575690,2.538361,2.575690,2.575690,195452
2019-03-25,2.538361,2.575690,2.501033,2.575690,2.575690,354578
2019-03-26,2.575690,2.575690,2.538361,2.563247,2.563247,595517
2019-03-27,2.525918,2.563247,2.525918,2.563247,2.563247,580569
2019-03-28,2.550804,2.575690,2.538361,2.575690,2.575690,172788
2019-03-29,2.563247,2.600576,2.550804,2.575690,2.575690,196255
2019-04-01,2.563247,2.575690,2.563247,2.575690,2.575690,87599
2019-04-02,2.538361,2.588133,2.538361,2.563247,2.563247,303625
2019-04-03,2.563247,2.563247,2.538361,2.563247,2.563247,121032
2019-04-04,2.563247,2.563247,2.476147,2.550804,2.550804,814758
2019-04-05,2.550804,2.550804,2.476147,2.525918,2.525918,498113
2019-04-09,2.501033,2.513476,2.463704,2.513476,2.513476,435587
2019-04-10,2.488590,2.488590,2.488590,2.488590,2.488590,160733
2019-04-11,2.488590,2.488590,2.488590,2.488590,2.488590,25717
2019-04-12,2.488590,2.488590,2.476147,2.476147,2.476147,44201
2019-04-17,2.476147,2.476147,2.339274,2.339274,2.339274,3449664
2019-04-18,2.326831,2.364160,2.202402,2.339274,2.339274,3124660
2019-04-19,2.301945,2.326831,2.301945,2.326831,2.326831,175681
2019-04-22,2.326831,2.326831,2.277059,2.326831,2.326831,4176822
2019-04-23,2.339274,2.376603,2.326831,2.326831,2.326831,887088
2019-04-24,2.326831,2.326831,2.289502,2.301945,2.301945,522062
2019-04-25,2.301945,2.326831,2.277059,2.301945,2.301945,703209
2019-04-26,2.289502,2.301945,2.252174,2.289502,2.289502,559674
2019-04-29,2.264617,2.289502,2.252174,2.289502,2.289502,417746
2019-04-30,2.277059,2.301945,2.277059,2.289502,2.289502,2053692
2019-05-02,2.289502,2.289502,2.264617,2.289502,2.289502,355542
2019-05-03,2.277059,2.277059,2.264617,2.264617,2.264617,190951
2019-05-07,2.264617,2.264617,2.165073,2.227288,2.227288,1056984
2019-05-08,2.189959,2.214845,2.177516,2.214845,2.214845,2260074
2019-05-09,2.165073,2.214845,2.115301,2.115301,2.115301,591981
2019-05-10,2.202402,2.202402,2.140187,2.177516,2.177516,167002
2019-05-13,2.177516,2.177516,1.742013,2.140187,2.140187,3309825
NEX,1
2018-09-06,2.077972,2.177516,1.990872,2.177516,2.177516,1651376
2018-09-07,2.177516,2.227288,2.102858,2.227288,2.227288,420157
2018-09-10,2.202402,2.227288,2.202402,2.227288,2.227288,29735
2018-09-11,2.189959,2.227288,2.152630,2.214845,2.214845,241100
2018-09-12,2.152630,2.202402,2.152630,2.202402,2.202402,160572
2018-09-13,2.202402,2.227288,2.202402,2.202402,2.202402,457126
2018-09-14,2.202402,2.202402,2.202402,2.202402,2.202402,14948
2018-09-17,2.202402,2.239731,2.115301,2.115301,2.115301,1485981
2018-09-18,2.152630,2.177516,2.102858,2.165073,2.165073,894803
2018-09-19,2.202402,2.277059,2.165073,2.177516,2.177516,2042923
2018-09-20,2.202402,2.376603,2.177516,2.252174,2.252174,8849990
2018-09-21,2.252174,2.314388,2.239731,2.277059,2.277059,2253966
2018-09-24,2.289502,2.376603,2.277059,2.351717,2.351717,2293185
2018-09-25,2.376603,2.737449,2.364160,2.687677,2.687677,42064781
2018-09-26,2.700120,2.762335,2.662791,2.725006,2.725006,9765529
2018-09-27,2.787220,2.861878,2.712563,2.712563,2.712563,7262586
2018-09-28,2.700120,2.799663,2.687677,2.799663,2.799663,4459231
2018-10-01,2.812106,2.812106,2.687677,2.737449,2.737449,3527780
2018-10-02,2.700120,2.749892,2.613019,2.613019,2.613019,4307981
2018-10-03,2.625462,2.650348,2.575690,2.625462,2.625462,4585246
2018-10-04,2.625462,2.625462,2.525918,2.600576,2.600576,1689309
2018-10-05,2.588133,2.675234,2.575690,2.613019,2.613019,2270040
2018-10-08,2.613019,2.637905,2.550804,2.550804,2.550804,800935
2018-10-09,2.575690,2.575690,2.525918,2.575690,2.575690,448607
2018-10-10,2.538361,2.575690,2.525918,2.575690,2.575690,619306
2018-10-11,2.501033,2.501033,2.438818,2.463704,2.463704,1216592
2018-10-12,2.451261,2.525918,2.451261,2.476147,2.476147,257655
2018-10-16,2.488590,2.488590,2.426375,2.476147,2.476147,319216
2018-10-17,2.438818,2.476147,2.438818,2.476147,2.476147,194969
2018-10-18,2.451261,2.600576,2.438818,2.588133,2.588133,1499483
2018-10-19,2.625462,2.625462,2.538361,2.538361,2.538361,1241506
2018-10-22,2.476147,2.650348,2.476147,2.650348,2.650348,578962
2018-10-24,2.613019,2.874321,2.550804,2.675234,2.675234,12581420
NEX,4
2018-10-24,2.613019,2.874321,2.550804,2.675234,2.675234,12581420
2018-10-25,2.700120,2.712563,2.600576,2.600576,2.600576,2610795
2018-10-26,2.675234,2.725006,2.538361,2.538361,2.538361,8425332
2018-10-29,2.575690,2.662791,2.538361,2.563247,2.563247,7038523
2018-10-30,2.600576,2.637905,2.563247,2.563247,2.563247,2249787
2018-10-31,2.575690,2.600576,2.550804,2.600576,2.600576,1321712
2018-11-01,2.600576,2.600576,2.538361,2.538361,2.538361,1038178
2018-11-02,2.538361,2.588133,2.525918,2.563247,2.563247,1012943
2018-11-05,2.550804,2.575690,2.525918,2.525918,2.525918,330307
2018-11-06,2.525918,2.575690,2.525918,2.550804,2.550804,1098292
2018-11-07,2.563247,2.575690,2.525918,2.563247,2.563247,642773
2018-11-08,2.563247,2.675234,2.513476,2.675234,2.675234,1679987
2018-11-09,2.650348,2.662791,2.513476,2.513476,2.513476,2682000
2018-11-12,2.550804,2.550804,2.501033,2.501033,2.501033,347345
2018-11-13,2.476147,2.501033,2.463704,2.501033,2.501033,636022
2018-11-14,2.501033,2.538361,2.476147,2.538361,2.538361,573015
2018-11-15,2.538361,2.538361,2.488590,2.538361,2.538361,325806
2018-11-16,2.538361,2.637905,2.513476,2.550804,2.550804,309894
2018-11-19,2.513476,2.525918,2.476147,2.513476,2.513476,511614
2018-11-20,2.488590,2.501033,2.463704,2.488590,2.488590,382224
2018-11-21,2.488590,2.488590,2.463704,2.488590,2.488590,706745
2018-11-22,2.488590,2.488590,2.463704,2.488590,2.488590,715264
2018-11-23,2.488590,2.513476,2.476147,2.488590,2.488590,343326
2018-11-26,2.476147,2.488590,2.463704,2.476147,2.476147,582337
2018-11-27,2.476147,2.600576,2.476147,2.538361,2.538361,16313172
2018-11-28,2.513476,2.538361,2.513476,2.525918,2.525918,563371
2018-11-29,2.550804,2.550804,2.501033,2.525918,2.525918,265531
2018-11-30,2.525918,2.525918,2.488590,2.513476,2.513476,197702
2018-12-03,2.488590,2.525918,2.488590,2.513476,2.513476,540868
2018-12-04,2.488590,2.525918,2.488590,2.525918,2.525918,322431
2018-12-06,2.488590,2.501033,2.476147,2.476147,2.476147,837743
2018-12-07,2.488590,2.488590,2.476147,2.476147,2.476147,807364
2018-12-11,2.476147,2.488590,2.451261,2.488590,2.488590,457126
2018-12-12,2.488590,2.501033,2.463704,2.501033,2.501033,128586
2018-12-13,2.476147,2.476147,2.451261,2.476147,2.476147,483004
2018-12-14,2.476147,2.488590,2.451261,2.488590,2.488590,534921
2018-12-17,2.476147,2.488590,2.451261,2.476147,2.476147,843851
2018-12-18,2.451261,2.476147,2.451261,2.476147,2.476147,887892
2018-12-19,2.463704,2.463704,2.451261,2.451261,2.451261,202524
2018-12-20,2.426375,2.451261,2.426375,2.451261,2.451261,181146
2018-12-21,2.438818,2.438818,2.426375,2.438818,2.438818,356507
2018-12-24,2.413932,2.438818,2.401489,2.438818,2.438818,45005
2018-12-25,2.413932,2.426375,2.364160,2.364160,2.364160,435105
2018-12-26,2.376603,2.376603,2.326831,2.364160,2.364160,455197
2018-12-27,2.364160,2.364160,2.339274,2.351717,2.351717,190630
2018-12-28,2.314388,2.364160,2.252174,2.364160,2.364160,572372
NEX,4
2018-04-24,4.106173,4.137281,3.981744,3.981744,3.981744,9531340
2018-04-25,3.950636,3.981744,3.639563,3.670670,3.670670,12751477
2018-04-26,3.670670,3.732885,3.639563,3.732885,3.732885,5048320
2018-04-27,3.763992,3.795099,3.670670,3.732885,3.732885,3534209
2018-04-30,3.732885,3.763992,3.639563,3.732885,3.732885,1800376
2018-05-02,3.732885,3.732885,3.701777,3.732885,3.732885,816848
2018-05-03,3.701777,3.732885,3.639563,3.701777,3.701777,940612
2018-05-04,3.732885,3.732885,3.328489,3.328489,3.328489,5970931
2018-05-07,3.297381,3.452918,3.204059,3.359596,3.359596,4023965
2018-05-08,3.359596,3.421811,3.297381,3.421811,3.421811,898982
2018-05-09,3.421811,3.701777,3.421811,3.639563,3.639563,4080704
2018-05-10,3.670670,3.826207,3.608455,3.639563,3.639563,4196110
2018-05-11,3.732885,3.732885,3.639563,3.701777,3.701777,866836
2018-05-14,3.732885,3.732885,3.546240,3.546240,3.546240,1099096
2018-05-15,3.608455,3.608455,3.484026,3.484026,3.484026,641487
2018-05-16,3.172952,3.235167,2.961422,3.060965,3.060965,8449603
2018-05-17,3.073408,3.204059,3.048522,3.060965,3.060965,1287154
2018-05-18,3.048522,3.060965,2.973865,3.023637,3.023637,1214663
2018-05-21,3.011194,3.036079,2.973865,2.986308,2.986308,596803
2018-05-22,2.986308,3.098294,2.986308,3.060965,3.060965,1696060
2018-05-23,3.060965,3.060965,2.998751,3.060965,3.060965,1466693
2018-05-24,3.060965,3.060965,2.961422,2.961422,2.961422,993976
2018-05-25,3.011194,3.011194,2.961422,3.011194,3.011194,1235880
2018-05-28,2.986308,3.023637,2.973865,3.011194,3.011194,718639
2018-05-30,2.986308,2.998751,2.948979,2.973865,2.973865,374509
2018-05-31,2.986308,2.998751,2.911650,2.961422,2.961422,374509
2018-06-01,2.973865,3.011194,2.936536,2.998751,2.998751,897697
2018-06-04,2.986308,2.998751,2.936536,2.998751,2.998751,643416
2018-06-05,2.998751,3.036079,2.924093,2.924093,2.924093,1542720
2018-06-06,2.936536,2.961422,2.899207,2.899207,2.899207,927272
2018-06-07,2.936536,2.936536,2.849435,2.861878,2.861878,605804
2018-06-08,2.899207,2.986308,2.899207,2.973865,2.973865,1732547
2018-06-11,2.961422,3.141845,2.961422,3.110737,3.110737,4504880
2018-06-12,3.110737,3.110737,2.961422,3.011194,3.011194,2917796
2018-06-13,3.011194,3.011194,2.948979,2.998751,2.998751,1491286
2018-06-14,2.998751,3.023637,2.973865,3.023637,3.023637,630879
2018-06-15,2.998751,3.011194,2.973865,2.986308,2.986308,786630
2018-06-18,2.986308,2.998751,2.899207,2.899207,2.899207,1523593
2018-06-19,2.899207,2.924093,2.812106,2.812106,2.812106,461626
2018-06-20,2.812106,2.861878,2.799663,2.861878,2.861878,300250
2018-06-21,2.861878,2.899207,2.762335,2.861878,2.861878,2531232
2018-06-22,2.812106,2.824549,2.799663,2.824549,2.824549,312466
2018-06-25,2.836992,2.836992,2.774778,2.799663,2.799663,333682
2018-06-26,2.749892,2.787220,2.749892,2.787220,2.787220,99011
2018-06-27,2.799663,2.886764,2.762335,2.762335,2.762335,636022
2018-06-28,2.799663,2.799663,2.712563,2.737449,2.737449,401994
2018-06-29,2.737449,2.737449,2.600576,2.600576,2.600576,884195
2018-07-02,2.613019,2.700120,2.613019,2.700120,2.700120,821509
2018-07-03,2.662791,2.737449,2.662791,2.737449,2.737449,431569
2018-07-04,2.787220,2.899207,2.700120,2.861878,2.861878,1481320
2018-07-05,2.861878,2.899207,2.712563,2.712563,2.712563,2983215
2018-07-06,2.812106,2.836992,2.700120,2.836992,2.836992,1008281
2018-07-09,2.849435,2.936536,2.836992,2.936536,2.936536,1472962
2018-07-10,2.948979,2.961422,2.924093,2.948979,2.948979,510329
2018-07-11,2.936536,2.961422,2.899207,2.961422,2.961422,336254
2018-07-12,2.924093,2.961422,2.899207,2.924093,2.924093,403441
2018-07-13,2.948979,2.948979,2.861878,2.874321,2.874321,404887
2018-07-16,2.861878,2.861878,2.787220,2.824549,2.824549,913288
2018-07-17,2.799663,2.824549,2.737449,2.799663,2.799663,1018086
2018-07-18,2.774778,2.799663,2.737449,2.737449,2.737449,654346
2018-07-19,2.737449,2.824549,2.737449,2.737449,2.737449,636826
2018-07-20,2.737449,2.774778,2.725006,2.762335,2.762335,537653
2018-07-23,2.774778,2.812106,2.725006,2.725006,2.725006,415174
2018-07-24,2.712563,2.762335,2.637905,2.762335,2.762335,1981684
2018-07-25,2.725006,2.762335,2.662791,2.662791,2.662791,1568759
2018-07-26,2.687677,2.687677,2.588133,2.637905,2.637905,1348233
2018-07-31,2.613019,2.650348,2.613019,2.637905,2.637905,67668
2018-08-01,2.650348,2.662791,2.600576,2.613019,2.613019,226152
2018-08-02,2.613019,2.625462,2.575690,2.575690,2.575690,144338
2018-08-03,2.575690,2.575690,2.426375,2.426375,2.426375,2560485
2018-08-06,2.438818,2.438818,2.314388,2.426375,2.426375,782933
2018-08-07,2.364160,2.438818,2.364160,2.413932,2.413932,667365
2018-08-08,2.426375,2.451261,2.301945,2.364160,2.364160,1393560
2018-08-09,2.389046,2.389046,2.339274,2.389046,2.389046,291409
2018-08-10,2.364160,2.389046,2.364160,2.389046,2.389046,132444
2018-08-14,2.364160,2.364160,2.339274,2.364160,2.364160,443303
2018-08-15,2.339274,2.364160,2.314388,2.314388,2.314388,396690
2018-08-16,2.314388,2.364160,2.314388,2.364160,2.364160,117817
2018-08-17,2.376603,2.426375,2.351717,2.351717,2.351717,2941103
2018-08-20,2.351717,2.364160,2.351717,2.351717,2.351717,303786
2018-08-21,2.364160,2.389046,2.351717,2.376603,2.376603,58989
2018-08-22,2.326831,2.364160,2.326831,2.364160,2.364160,109459
2018-08-23,2.364160,2.364160,2.301945,2.351717,2.351717,335129
2018-08-24,2.314388,2.351717,2.301945,2.351717,2.351717,1959020
2018-08-27,2.351717,2.351717,2.326831,2.351717,2.351717,309412
2018-08-28,2.314388,2.351717,2.314388,2.339274,2.339274,216025
2018-08-29,2.339274,2.438818,2.301945,2.339274,2.339274,2169099
2018-08-30,2.339274,2.351717,2.326831,2.351717,2.351717,222133
2018-08-31,2.326831,2.364160,2.314388,2.314388,2.314388,246886
2018-09-03,2.314388,2.314388,2.301945,2.314388,2.314388,278229
2018-09-04,2.289502,2.289502,2.152630,2.165073,2.165073,2768475
2018-09-05,2.165073,2.165073,2.040643,2.077972,2.077972,2004026
2018-09-06,2.077972,2.177516,1.990872,2.177516,2.177516,1651376
2018-09-07,2.177516,2.227288,2.102858,2.227288,2.227288,420157
2018-09-10,2.202402,2.227288,2.202402,2.227288,2.227288,29735
2018-09-11,2.189959,2.227288,2.152630,2.214845,2.214845,241100
2018-09-12,2.152630,2.202402,2.152630,2.202402,2.202402,160572
2018-09-13,2.202402,2.227288,2.202402,2.202402,2.202402,457126
2018-09-14,2.202402,2.202402,2.202402,2.202402,2.202402,14948
2018-09-17,2.202402,2.239731,2.115301,2.115301,2.115301,1485981
2018-09-18,2.152630,2.177516,2.102858,2.165073,2.165073,894803
2018-09-19,2.202402,2.277059,2.165073,2.177516,2.177516,2042923
2018-09-20,2.202402,2.376603,2.177516,2.252174,2.252174,8849990
2018-09-21,2.252174,2.314388,2.239731,2.277059,2.277059,2253966
2018-09-24,2.289502,2.376603,2.277059,2.351717,2.351717,2293185
2018-09-25,2.376603,2.737449,2.364160,2.687677,2.687677,42064781
2018-09-26,2.700120,2.762335,2.662791,2.725006,2.725006,9765529
2018-09-27,2.787220,2.861878,2.712563,2.712563,2.712563,7262586
2018-09-28,2.700120,2.799663,2.687677,2.799663,2.799663,4459231
2018-10-01,2.812106,2.812106,2.687677,2.737449,2.737449,3527780
2018-10-02,2.700120,2.749892,2.613019,2.613019,2.613019,4307981
2018-10-03,2.625462,2.650348,2.575690,2.625462,2.625462,4585246
2018-10-04,2.625462,2.625462,2.525918,2.600576,2.600576,1689309
2018-10-05,2.588133,2.675234,2.575690,2.613019,2.613019,2270040
2018-10-08,2.613019,2.637905,2.550804,2.550804,2.550804,800935
2018-10-09,2.575690,2.575690,2.525918,2.575690,2.575690,448607
2018-10-10,2.538361,2.575690,2.525918,2.575690,2.575690,619306
2018-10-11,2.501033,2.501033,2.438818,2.463704,2.463704,1216592
2018-10-12,2.451261,2.525918,2.451261,2.476147,2.476147,257655
2018-10-16,2.488590,2.488590,2.426375,2.476147,2.476147,319216
2018-10-17,2.438818,2.476147,2.438818,2.476147,2.476147,194969
2018-10-18,2.451261,2.600576,2.438818,2.588133,2.588133,1499483
2018-10-19,2.625462,2.625462,2.538361,2.538361,2.538361,1241506
2018-10-22,2.476147,2.650348,2.476147,2.650348,2.650348,578962
2018-10-24,2.613019,2.874321,2.550804,2.675234,2.675234,12581420
2018-10-25,2.700120,2.712563,2.600576,2.600576,2.600576,2610795
2018-10-26,2.675234,2.725006,2.538361,2.538361,2.538361,8425332
2018-10-29,2.575690,2.662791,2.538361,2.563247,2.563247,7038523
2018-10-30,2.600576,2.637905,2.563247,2.563247,2.563247,2249787
2018-10-31,2.575690,2.600576,2.550804,2.600576,2.600576,1321712
2018-11-01,2.600576,2.600576,2.538361,2.538361,2.538361,1038178
2018-11-02,2.538361,2.588133,2.525918,2.563247,2.563247,1012943
2018-11-05,2.550804,2.575690,2.525918,2.525918,2.525918,330307
2018-11-06,2.525918,2.575690,2.525918,2.550804,2.550804,1098292
2018-11-07,2.563247,2.575690,2.525918,2.563247,2.563247,642773
2018-11-08,2.563247,2.675234,2.513476,2.675234,2.675234,1679987
2018-11-09,2.650348,2.662791,2.513476,2.513476,2.513476,2682000
2018-11-12,2.550804,2.550804,2.501033,2.501033,2.501033,347345
2018-11-13,2.476147,2.501033,2.463704,2.501033,2.501033,636022
2018-11-14,2.501033,2.538361,2.476147,2.538361,2.538361,573015
2018-11-15,2.538361,2.538361,2.488590,2.538361,2.538361,325806
2018-11-16,2.538361,2.637905,2.513476,2.550804,2.550804,309894
2018-11-19,2.513476,2.525918,2.476147,2.513476,2.513476,511614
2018-11-20,2.488590,2.501033,2.463704,2.488590,2.488590,382224
2018-11-21,2.488590,2.488590,2.463704,2.488590,2.488590,706745
2018-11-22,2.488590,2.488590,2.463704,2.488590,2.488590,715264
2018-11-23,2.488590,2.513476,2.476147,2.488590,2.488590,343326
2018-11-26,2.476147,2.488590,2.463704,2.476147,2.476147,582337
2018-11-27,2.476147,2.600576,2.476147,2.538361,2.538361,16313172
2018-11-28,2.513476,2.538361,2.513476,2.525918,2.525918,563371
2018-11-29,2.550804,2.550804,2.501033,2.525918,2.525918,265531
2018-11-30,2.525918,2.525918,2.488590,2.513476,2.513476,197702
2018-12-03,2.488590,2.525918,2.488590,2.513476,2.513476,540868
2018-12-04,2.488590,2.525918,2.488590,2.525918,2.525918,322431
2018-12-06,2.488590,2.501033,2.476147,2.476147,2.476147,837743
2018-12-07,2.488590,2.488590,2.476147,2.476147,2.476147,807364
2018-12-11,2.476147,2.488590,2.451261,2.488590,2.488590,457126
2018-12-12,2.488590,2.501033,2.463704,2.501033,2.501033,128586
2018-12-13,2.476147,2.476147,2.451261,2.476147,2.476147,483004
2018-12-14,2.476147,2.488590,2.451261,2.488590,2.488590,534921
2018-12-17,2.476147,2.488590,2.451261,2.476147,2.476147,843851
2018-12-18,2.451261,2.476147,2.451261,2.476147,2.476147,887892
2018-12-19,2.463704,2.463704,2.451261,2.451261,2.451261,202524
2018-12-20,2.426375,2.451261,2.426375,2.451261,2.451261,181146
2018-12-21,2.438818,2.438818,2.426375,2.438818,2.438818,356507
2018-12-24,2.413932,2.438818,2.401489,2.438818,2.438818,45005
2018-12-25,2.413932,2.426375,2.364160,2.364160,2.364160,435105
2018-12-26,2.376603,2.376603,2.326831,2.364160,2.364160,455197
2018-12-27,2.364160,2.364160,2.339274,2.351717,2.351717,190630
2018-12-28,2.314388,2.364160,2.252174,2.364160,2.364160,572372
2019-01-02,2.301945,2.389046,2.301945,2.389046,2.389046,65740
2019-01-03,2.364160,2.401489,2.364160,2.401489,2.401489,148035
2019-01-04,2.364160,2.426375,2.364160,2.426375,2.426375,219240
2019-01-07,2.438818,2.476147,2.438818,2.476147,2.476147,48059
2019-01-08,2.463704,2.538361,2.463704,2.488590,2.488590,612877
2019-01-09,2.488590,2.488590,2.438818,2.488590,2.488590,42755
2019-01-10,2.488590,2.488590,2.401489,2.463704,2.463704,303143
2019-01-11,2.438818,2.451261,2.413932,2.451261,2.451261,215704
2019-01-14,2.488590,2.488590,2.463704,2.476147,2.476147,436552
2019-01-15,2.438818,2.463704,2.389046,2.463704,2.463704,295106
2019-01-16,2.413932,2.463704,2.413932,2.463704,2.463704,232260
2019-01-17,2.426375,2.426375,2.426375,2.426375,2.426375,33754
2019-01-18,2.401489,2.426375,2.389046,2.426375,2.426375,650970
2019-01-21,2.401489,2.426375,2.401489,2.426375,2.426375,289802
2019-01-22,2.426375,2.426375,2.389046,2.426375,2.426375,266657
2019-01-23,2.413932,2.413932,2.401489,2.413932,2.413932,147071
2019-01-24,2.401489,2.426375,2.389046,2.426375,2.426375,322592
2019-01-25,2.438818,2.513476,2.401489,2.426375,2.426375,145785
2019-01-28,2.438818,2.550804,2.438818,2.451261,2.451261,1667289
2019-01-29,2.426375,2.463704,2.426375,2.463704,2.463704,207024
2019-01-30,2.476147,2.488590,2.463704,2.488590,2.488590,481075
2019-01-31,2.525918,2.662791,2.525918,2.588133,2.588133,7401620
2019-02-01,2.588133,2.700120,2.588133,2.700120,2.700120,4042770
2019-02-04,2.700120,3.060965,2.700120,2.986308,2.986308,22858565
2019-02-05,3.073408,3.204059,3.036079,3.204059,3.204059,21517243
2019-02-06,3.204059,3.266274,3.085851,3.085851,3.085851,7145250
2019-02-07,3.110737,3.110737,2.924093,2.961422,2.961422,11335735
2019-02-08,2.936536,3.023637,2.936536,2.998751,2.998751,4372917
2019-02-11,3.011194,3.073408,2.986308,2.986308,2.986308,4927609
2019-02-12,2.986308,3.011194,2.849435,2.849435,2.849435,6996732
2019-02-13,2.849435,2.899207,2.824549,2.899207,2.899207,3296163
2019-02-14,2.899207,3.011194,2.874321,2.899207,2.899207,3142662
2019-02-15,2.886764,2.886764,2.861878,2.861878,2.861878,430444
2019-02-18,2.899207,2.911650,2.861878,2.911650,2.911650,621235
2019-02-20,2.911650,2.911650,2.861878,2.874321,2.874321,219883
2019-02-21,2.886764,2.948979,2.861878,2.948979,2.948979,1313997
2019-02-22,2.948979,3.023637,2.948979,2.986308,2.986308,1668575
2019-02-25,2.948979,2.961422,2.911650,2.911650,2.911650,519651
2019-02-26,2.936536,2.961422,2.849435,2.874321,2.874321,1109222
2019-02-27,2.886764,2.886764,2.799663,2.812106,2.812106,1121598
2019-02-28,2.762335,2.836992,2.762335,2.824549,2.824549,2252359
2019-03-01,2.824549,2.924093,2.824549,2.886764,2.886764,5614263
2019-03-04,2.899207,2.899207,2.836992,2.861878,2.861878,355703
2019-03-05,2.836992,2.861878,2.799663,2.861878,2.861878,189826
2019-03-06,2.861878,2.861878,2.749892,2.774778,2.774778,1667610
2019-03-07,2.762335,2.774778,2.700120,2.762335,2.762335,1445798
2019-03-08,2.762335,2.774778,2.725006,2.749892,2.749892,171984
2019-03-11,2.737449,2.737449,2.637905,2.675234,2.675234,1388577
2019-03-12,2.650348,2.725006,2.625462,2.725006,2.725006,2004026
2019-03-13,2.725006,2.737449,2.662791,2.687677,2.687677,3294556
2019-03-14,2.700120,2.700120,2.662791,2.675234,2.675234,474646
2019-03-15,2.662791,2.675234,2.637905,2.675234,2.675234,524795
2019-03-18,2.650348,2.662791,2.637905,2.662791,2.662791,267460
2019-03-19,2.637905,2.650348,2.600576,2.637905,2.637905,566425
2019-03-20,2.613019,2.613019,2.550804,2.575690,2.575690,760269
2019-03-21,2.550804,2.575690,2.501033,2.575690,2.575690,1111151
2019-03-22,2.575690,2.575690,2.538361,2.575690,2.575690,195452
2019-03-25,2.538361,2.575690,2.501033,2.575690,2.575690,354578
2019-03-26,2.575690,2.575690,2.538361,2.563247,2.563247,595517
2019-03-27,2.525918,2.563247,2.525918,2.563247,2.563247,580569
2019-03-28,2.550804,2.575690,2.538361,2.575690,2.575690,172788
2019-03-29,2.563247,2.600576,2.550804,2.575690,2.575690,196255
2019-04-01,2.563247,2.575690,2.563247,2.575690,2.575690,87599
2019-04-02,2.538361,2.588133,2.538361,2.563247,2.563247,303625
2019-04-03,2.563247,2.563247,2.538361,2.563247,2.563247,121032
2019-04-04,2.563247,2.563247,2.476147,2.550804,2.550804,814758
2019-04-05,2.550804,2.550804,2.476147,2.525918,2.525918,498113
2019-04-09,2.501033,2.513476,2.463704,2.513476,2.513476,435587
2019-04-10,2.488590,2.488590,2.488590,2.488590,2.488590,160733
2019-04-11,2.488590,2.488590,2.488590,2.488590,2.488590,25717
2019-04-12,2.488590,2.488590,2.476147,2.476147,2.476147,44201
2019-04-17,2.476147,2.476147,2.339274,2.339274,2.339274,3449664
2019-04-18,2.326831,2.364160,2.202402,2.339274,2.339274,3124660
2019-04-19,2.301945,2.326831,2.301945,2.326831,2.326831,175681
2019-04-22,2.326831,2.326831,2.277059,2.326831,2.326831,4176822
2019-04-23,2.339274,2.376603,2.326831,2.326831,2.326831,887088
2019-04-24,2.326831,2.326831,2.289502,2.301945,2.301945,522062
2019-04-25,2.301945,2.326831,2.277059,2.301945,2.301945,703209
2019-04-26,2.289502,2.301945,2.252174,2.289502,2.289502,559674
2019-04-29,2.264617,2.289502,2.252174,2.289502,2.289502,417746
2019-04-30,2.277059,2.301945,2.277059,2.289502,2.289502,2053692
2019-05-02,2.289502,2.289502,2.264617,2.289502,2.289502,355542
2019-05-03,2.277059,2.277059,2.264617,2.264617,2.264617,190951
2019-05-07,2.264617,2.264617,2.165073,2.227288,2.227288,1056984
2019-05-08,2.189959,2.214845,2.177516,2.214845,2.214845,2260074
2019-05-09,2.165073,2.214845,2.115301,2.115301,2.115301,591981
2019-05-10,2.202402,2.202402,2.140187,2.177516,2.177516,167002
2019-05-13,2.177516,2.177516,1.742013,2.140187,2.140187,3309825
NEX,2
2019-05-13,2.177516,2.177516,1.742013,2.140187,2.140187,3309825
2019-05-14,2.140187,2.140187,2.065529,2.140187,2.140187,99976
2019-05-15,2.065529,2.115301,2.003315,2.053086,2.053086,1280885
2019-05-16,2.015758,2.040643,1.965986,2.040643,2.040643,246886
2019-05-17,2.053086,2.115301,2.003315,2.090415,2.090415,3577447
2019-05-21,2.065529,2.065529,1.990872,2.053086,2.053086,199791
2019-05-22,2.077972,2.077972,2.040643,2.077972,2.077972,61239
2019-05-23,2.053086,2.065529,1.978429,2.053086,2.053086,321306
2019-05-24,1.990872,2.053086,1.990872,2.053086,2.053086,203327
2019-05-27,2.053086,2.053086,2.015758,2.053086,2.053086,1322837
2019-05-28,2.040643,2.040643,2.015758,2.040643,2.040643,341076
2019-05-29,2.040643,2.326831,2.015758,2.239731,2.239731,11574907
2019-05-30,2.301945,2.376603,2.239731,2.239731,2.239731,7430552
2019-05-31,2.239731,2.264617,2.177516,2.177516,2.177516,2336744
2019-06-04,2.177516,2.177516,2.053086,2.102858,2.102858,1440012
2019-06-05,2.102858,2.127744,2.040643,2.127744,2.127744,466288
2019-06-06,2.090415,2.127744,2.053086,2.053086,2.053086,3422500
2019-06-07,2.065529,2.077972,2.040643,2.077972,2.077972,376598
2019-06-10,2.053086,2.077972,2.040643,2.077972,2.077972,364222
2019-06-11,2.090415,2.090415,2.053086,2.065529,2.065529,186290
2019-06-12,2.077972,2.077972,2.040643,2.053086,2.053086,228563
2019-06-13,2.040643,2.053086,2.028200,2.053086,2.053086,232902
2019-06-14,2.040643,2.053086,2.015758,2.053086,2.053086,207507
2019-06-17,2.040643,2.053086,1.978429,1.990872,1.990872,1162103
2019-06-18,1.990872,2.077972,1.978429,2.040643,2.040643,985296
2019-06-19,2.028200,2.040643,2.015758,2.040643,2.040643,234188
2019-06-20,2.028200,2.040643,2.003315,2.028200,2.028200,317448
2019-06-21,2.003315,2.040643,1.990872,2.040643,2.040643,1406579
2019-06-24,2.003315,2.003315,1.990872,1.990872,1.990872,112834
2019-06-25,1.990872,2.003315,1.965986,1.990872,1.990872,686332
2019-06-26,1.978429,1.990872,1.953543,1.978429,1.978429,1109543
2019-06-27,1.990872,1.990872,1.965986,1.965986,1.965986,1599620
2019-06-28,1.965986,1.978429,1.953543,1.965986,1.965986,714300
2019-07-01,2.003315,2.177516,1.941100,2.177516,2.177516,6623670
2019-07-02,2.165073,2.177516,2.053086,2.053086,2.053086,1492411
2019-07-03,2.053086,2.053086,1.978429,1.990872,1.990872,1216110
2019-07-04,1.990872,1.990872,1.965986,1.978429,1.978429,802703
2019-07-05,1.965986,1.978429,1.953543,1.965986,1.965986,739374
2019-07-08,1.978429,2.090415,1.978429,2.053086,2.053086,2794674
2019-07-09,2.053086,2.077972,1.990872,2.053086,2.053086,3078690
2019-07-10,2.028200,2.115301,2.003315,2.090415,2.090415,2930816
2019-07-11,2.077972,2.264617,2.077972,2.264617,2.264617,7719230
2019-07-12,2.252174,2.314388,2.239731,2.314388,2.314388,6240320
2019-07-15,2.289502,2.326831,2.289502,2.326831,2.326831,1627106
2019-07-17,2.301945,2.301945,2.264617,2.264617,2.264617,1131564
2019-07-18,2.326831,2.401489,2.301945,2.401489,2.401489,3041561
2019-07-19,2.413932,2.476147,2.401489,2.476147,2.476147,6969890
2019-07-22,2.476147,2.476147,2.426375,2.426375,2.426375,1715830
2019-07-23,2.438818,2.451261,2.413932,2.438818,2.438818,357471
2019-07-24,2.438818,2.463704,2.413932,2.438818,2.438818,700476
2019-07-25,2.463704,2.525918,2.451261,2.488590,2.488590,5255184
2019-07-26,2.501033,2.501033,2.463704,2.488590,2.488590,626700
2019-07-30,2.488590,2.488590,2.463704,2.476147,2.476147,1152781
2019-07-31,2.488590,2.525918,2.476147,2.501033,2.501033,2268754
2019-08-01,2.476147,2.501033,2.463704,2.476147,2.476147,799167
2019-08-02,2.476147,2.476147,2.401489,2.426375,2.426375,1438404
2019-08-05,2.401489,2.426375,2.389046,2.426375,2.426375,890624
2019-08-06,2.401489,2.451261,2.401489,2.451261,2.451261,482522
2019-08-07,2.451261,2.451261,2.401489,2.451261,2.451261,414371
2019-08-08,2.438818,2.438818,2.413932,2.426375,2.426375,446678
2019-08-09,2.401489,2.413932,2.389046,2.401489,2.401489,836457
2019-08-13,2.389046,2.389046,2.301945,2.364160,2.364160,1024033
2019-08-14,2.376603,2.376603,2.301945,2.364160,2.364160,1617301
2019-08-15,2.301945,2.351717,2.301945,2.351717,2.351717,390904
2019-08-16,2.351717,2.413932,2.339274,2.413932,2.413932,1495786
2019-08-19,2.401489,2.426375,2.389046,2.413932,2.413932,2050960
2019-08-20,2.413932,2.413932,2.389046,2.413932,2.413932,2379499
2019-08-21,2.413932,2.426375,2.413932,2.426375,2.426375,2141935
2019-08-22,2.413932,2.413932,2.401489,2.413932,2.413932,2012384
2019-08-23,2.426375,2.463704,2.339274,2.339274,2.339274,26954699
2019-08-26,2.339274,2.376603,2.314388,2.376603,2.376603,5008136
2019-08-27,2.339274,2.376603,2.326831,2.339274,2.339274,3187989
2019-08-28,2.339274,2.376603,2.314388,2.339274,2.339274,7447268
2019-08-29,2.314388,2.351717,2.227288,2.227288,2.227288,6366978
2019-08-30,2.227288,2.351717,2.227288,2.289502,2.289502,8718832
2019-09-02,2.277059,2.301945,2.177516,2.177516,2.177516,10406856
2019-09-03,2.167839,2.419463,2.167839,2.380751,2.380751,8952708
2019-09-04,2.380751,2.438819,2.380751,2.400107,2.400107,1224238
2019-09-05,2.419463,2.419463,2.342040,2.400107,2.400107,456712
2019-09-06,2.400107,2.400107,2.361396,2.361396,2.361396,418067
2019-09-09,2.380751,2.419463,2.361396,2.419463,2.419463,890796
2019-09-10,2.400107,2.419463,2.361396,2.400107,2.400107,198597
2019-09-11,2.419463,2.419463,2.342040,2.380751,2.380751,2831309
2019-09-12,2.361396,2.380751,2.303329,2.380751,2.380751,774448
2019-09-13,2.361396,2.361396,2.322684,2.361396,2.361396,2065127
2019-09-16,2.342040,2.361396,2.322684,2.361396,2.361396,604576
2019-09-17,2.322684,2.342040,2.303329,2.322684,2.322684,383762
2019-09-18,2.264617,2.264617,2.167839,2.264617,2.264617,627411
2019-09-19,2.245261,2.245261,2.225906,2.245261,2.245261,354314
2019-09-20,2.245261,2.245261,2.167839,2.206550,2.206550,654277
2019-09-23,2.206550,2.303329,2.187194,2.303329,2.303329,7009302
2019-09-24,2.342040,2.361396,2.264617,2.361396,2.361396,430054
2019-09-25,2.361396,2.361396,2.264617,2.361396,2.361396,413314
2019-09-26,2.283973,2.342040,2.283973,2.322684,2.322684,167289
2019-09-27,2.283973,2.303329,2.283973,2.303329,2.303329,68403
2019-09-30,2.303329,2.303329,2.264617,2.264617,2.264617,170492
2019-10-01,2.245261,2.245261,2.206550,2.225906,2.225906,163259
2019-10-02,2.187194,2.225906,2.129127,2.225906,2.225906,416517
2019-10-03,2.225906,2.322684,2.167839,2.322684,2.322684,827766
2019-10-04,2.264617,2.400107,2.225906,2.380751,2.380751,1512008
2019-10-07,2.380751,2.380751,2.283973,2.342040,2.342040,630201
2019-10-08,2.303329,2.322684,2.303329,2.322684,2.322684,423647
2019-10-09,2.303329,2.322684,2.264617,2.322684,2.322684,592693
2019-10-10,2.322684,2.322684,2.283973,2.322684,2.322684,250262
2019-10-11,2.322684,2.322684,2.303329,2.322684,2.322684,1427795
2019-10-15,2.322684,2.322684,2.283973,2.303329,2.303329,1227544
2019-10-16,2.283973,2.303329,2.283973,2.303329,2.303329,482338
2019-10-17,2.303329,2.322684,2.283973,2.322684,2.322684,1567909
2019-10-18,2.264617,2.342040,2.245261,2.303329,2.303329,32692374
2019-10-21,2.283973,2.322684,2.264617,2.303329,2.303329,11717887
2019-10-22,2.303329,2.322684,2.283973,2.303329,2.303329,4805921
2019-10-24,2.283973,2.303329,2.283973,2.303329,2.303329,718134
2019-10-25,2.283973,2.283973,1.954926,1.954926,1.954926,1311757
2019-10-28,2.206550,2.322684,2.187194,2.283973,2.283973,3958522
2019-10-29,2.283973,2.342040,2.264617,2.283973,2.283973,1129279
2019-10-30,2.264617,2.283973,2.225906,2.283973,2.283973,801727
2019-10-31,2.264617,2.283973,2.264617,2.264617,2.264617,581843
2019-11-01,2.264617,2.264617,2.245261,2.264617,2.264617,689202
2019-11-04,2.245261,2.264617,2.245261,2.264617,2.264617,506310
2019-11-05,2.264617,2.264617,2.245261,2.264617,2.264617,549708
2019-11-06,2.245261,2.245261,2.225906,2.245261,2.245261,705011
2019-11-07,2.245261,2.342040,2.245261,2.342040,2.342040,2474825
2019-11-08,2.342040,2.419463,2.342040,2.400107,2.400107,1977401
2019-11-11,2.400107,2.496886,2.400107,2.458174,2.458174,3536011
2019-11-12,2.458174,2.458174,2.400107,2.419463,2.419463,4440964
2019-11-13,2.400107,2.458174,2.322684,2.322684,2.322684,1379851
2019-11-14,2.322684,2.322684,2.283973,2.322684,2.322684,514680
2019-11-15,2.283973,2.419463,2.283973,2.419463,2.419463,9715067
2019-11-18,2.400107,2.477530,2.400107,2.477530,2.477530,1652225
2019-11-19,2.477530,2.574308,2.477530,2.574308,2.574308,2020799
2019-11-20,2.574308,2.574308,2.535597,2.554953,2.554953,1411883
2019-11-21,2.574308,2.884000,2.574308,2.806577,2.806577,8810528
2019-11-22,2.806577,2.864644,2.671087,2.748510,2.748510,8513251
2019-11-25,2.729154,2.825933,2.729154,2.806577,2.806577,10072171
2019-11-26,2.806577,2.864644,2.806577,2.864644,2.864644,7133813
2019-11-27,2.864644,2.864644,2.825933,2.864644,2.864644,3631693
2019-11-28,2.825933,2.961423,2.825933,2.961423,2.961423,4377727
2019-11-29,2.942067,3.000134,2.922711,3.000134,3.000134,3799086
2019-12-02,2.980778,3.096913,2.961423,3.096913,3.096913,16861073
2019-12-03,3.096913,3.135624,3.038845,3.096913,3.096913,9176105
2019-12-04,3.096913,3.251758,3.096913,3.096913,3.096913,17648955
2019-12-06,3.096913,3.135624,2.980778,3.000134,3.000134,10699376
2019-12-09,3.000134,3.154980,3.000134,3.154980,3.154980,5325354
2019-12-11,3.135624,3.213047,3.116268,3.193691,3.193691,8399693
2019-12-12,3.174335,3.271114,3.174335,3.232403,3.232403,6787455
2019-12-13,3.213047,3.290470,3.213047,3.290470,3.290470,5377638
2019-12-16,3.290470,3.329181,3.077557,3.193691,3.193691,10336383
NEX,3
2019-12-16,3.290470,3.329181,3.077557,3.193691,3.193691,10336383
2019-12-17,3.174335,3.193691,2.980778,2.980778,2.980778,10480320
2019-12-18,2.903355,3.019490,2.903355,2.980778,2.980778,7251711
2019-12-19,2.980778,3.000134,2.961423,2.980778,2.980778,1611721
2019-12-20,3.000134,3.096913,3.000134,3.096913,3.096913,7601789
2019-12-23,3.019490,3.058201,2.903355,3.000134,3.000134,7078325
2019-12-24,3.000134,3.019490,2.942067,3.019490,3.019490,2428431
2019-12-25,2.980778,2.980778,2.961423,2.980778,2.980778,2406008
2019-12-26,2.961423,2.961423,2.671087,2.671087,2.671087,10211665
2019-12-27,2.651731,2.806577,2.574308,2.806577,2.806577,5303862
2019-12-30,2.787221,2.825933,2.787221,2.806577,2.806577,500524
2020-01-02,2.787221,2.806577,2.748510,2.806577,2.806577,933058
2020-01-03,2.806577,2.806577,2.729154,2.806577,2.806577,1095284
2020-01-06,2.748510,2.767866,2.690443,2.748510,2.748510,1286029
2020-01-07,2.748510,2.767866,2.729154,2.748510,2.748510,840682
2020-01-08,2.729154,2.729154,2.651731,2.709798,2.709798,1415293
2020-01-09,2.709798,2.825933,2.709798,2.787221,2.787221,1533191
2020-01-10,2.787221,2.864644,2.787221,2.845288,2.845288,3182523
2020-01-13,2.864644,2.884000,2.806577,2.845288,2.845288,884493
2020-01-14,2.864644,2.884000,2.825933,2.884000,2.884000,1590228
2020-01-15,2.864644,2.942067,2.864644,2.903355,2.903355,3140159
2020-01-16,2.903355,2.903355,2.884000,2.884000,2.884000,1414776
2020-01-17,2.884000,3.038845,2.884000,3.038845,3.038845,3042720
2020-01-20,3.019490,3.019490,2.980778,3.000134,3.000134,1614510
2020-01-21,3.019490,3.038845,2.961423,3.000134,3.000134,1413639
2020-01-22,3.000134,3.038845,2.942067,2.961423,2.961423,1908687
2020-01-23,2.942067,2.980778,2.942067,2.961423,2.961423,420031
2020-01-24,2.961423,2.980778,2.942067,2.961423,2.961423,1731892
2020-01-27,2.942067,2.961423,2.787221,2.922711,2.922711,4250632
2020-01-28,2.903355,2.980778,2.884000,2.903355,2.903355,2165562
2020-01-29,2.903355,2.922711,2.884000,2.903355,2.903355,667503
2020-01-30,2.903355,2.903355,2.825933,2.884000,2.884000,1948675
2020-01-31,2.884000,2.903355,2.845288,2.884000,2.884000,5108570
2020-02-03,2.825933,2.903355,2.825933,2.903355,2.903355,1833567
2020-02-04,2.903355,2.961423,2.864644,2.961423,2.961423,2291830
2020-02-05,2.903355,2.942067,2.903355,2.903355,2.903355,1541664
2020-02-06,2.884000,2.922711,2.884000,2.903355,2.903355,676906
2020-02-07,2.903355,2.903355,2.845288,2.903355,2.903355,1454764
2020-02-11,2.903355,2.922711,2.884000,2.922711,2.922711,3369652
2020-02-12,2.903355,2.942067,2.903355,2.942067,2.942067,2713514
2020-02-13,2.922711,2.922711,2.864644,2.884000,2.884000,1560366
2020-02-14,2.884000,2.903355,2.748510,2.884000,2.884000,6446264
2020-02-17,2.880000,2.940000,2.860000,2.880000,2.880000,1518800
2020-02-18,2.820000,2.820000,2.760000,2.800000,2.800000,1357200
2020-02-19,2.800000,2.840000,2.760000,2.840000,2.840000,936500
2020-02-20,2.820000,2.820000,2.760000,2.800000,2.800000,927300
2020-02-21,2.760000,2.780000,2.740000,2.760000,2.760000,1537900
2020-02-24,2.700000,2.720000,2.660000,2.700000,2.700000,9982200
2020-02-25,2.680000,2.760000,2.680000,2.740000,2.740000,1716400
2020-02-26,2.700000,2.700000,2.600000,2.700000,2.700000,2534000
2020-02-27,2.700000,2.800000,2.640000,2.800000,2.800000,2176200
2020-02-28,2.680000,2.740000,2.680000,2.700000,2.700000,732100
2020-03-02,2.700000,2.700000,2.640000,2.700000,2.700000,1848700
2020-03-03,2.700000,2.760000,2.680000,2.760000,2.760000,1111200
2020-03-04,2.720000,2.820000,2.700000,2.760000,2.760000,1186500
2020-03-05,2.740000,2.820000,2.740000,2.760000,2.760000,2974700
2020-03-06,2.700000,2.760000,2.660000,2.700000,2.700000,4222300
2020-03-09,2.660000,2.700000,2.620000,2.660000,2.660000,4612300
2020-03-10,2.640000,2.680000,2.640000,2.660000,2.660000,1581200
2020-03-11,2.640000,2.780000,2.600000,2.640000,2.640000,12756000
2020-03-12,2.600000,2.640000,2.520000,2.640000,2.640000,9031400
2020-03-13,2.560000,2.700000,2.520000,2.640000,2.640000,1937000
2020-03-16,2.580000,2.680000,2.580000,2.680000,2.680000,2804700
2020-03-17,2.660000,2.880000,2.660000,2.880000,2.880000,1333400
2020-03-18,2.820000,3.040000,2.820000,3.000000,3.000000,4288300
2020-03-19,2.900000,2.980000,2.900000,2.920000,2.920000,4753400
2020-03-20,2.920000,3.140000,2.920000,3.140000,3.140000,3932000
2020-03-23,3.020000,3.040000,2.980000,2.980000,2.980000,4942700
2020-03-24,3.000000,3.060000,3.000000,3.060000,3.060000,1489200
2020-03-25,3.060000,3.080000,3.020000,3.040000,3.040000,812800
2020-03-26,3.040000,3.060000,3.020000,3.040000,3.040000,1633700
2020-03-27,3.020000,3.040000,3.000000,3.020000,3.020000,2062800
2020-03-30,2.960000,2.960000,2.960000,2.960000,2.960000,291800
2020-03-31,2.920000,2.920000,2.800000,2.800000,2.800000,2590300
2020-04-01,2.800000,2.880000,2.780000,2.880000,2.880000,1663800
2020-04-02,2.860000,2.880000,2.840000,2.860000,2.860000,2084100
2020-04-03,2.600000,2.600000,2.540000,2.600000,2.600000,3081500
2020-04-07,2.600000,2.600000,2.560000,2.580000,2.580000,1227000
2020-04-08,2.580000,2.580000,2.540000,2.560000,2.560000,1438500
2020-04-09,2.540000,2.580000,2.520000,2.540000,2.540000,1158800
2020-04-10,2.520000,2.540000,2.520000,2.540000,2.540000,725700
2020-04-13,2.540000,2.580000,2.520000,2.560000,2.560000,766100
2020-04-14,2.540000,2.580000,2.500000,2.500000,2.500000,1363300
2020-04-15,2.540000,2.580000,2.520000,2.520000,2.520000,1240600
2020-04-16,2.520000,2.540000,2.500000,2.520000,2.520000,1086600
2020-04-17,2.520000,2.600000,2.520000,2.600000,2.600000,4355000
2020-04-20,2.600000,2.800000,2.580000,2.800000,2.800000,7249600
2020-04-21,2.780000,2.980000,2.760000,2.780000,2.780000,12707900
2020-04-22,2.780000,2.800000,2.700000,2.740000,2.740000,2891600
2020-04-23,2.740000,2.820000,2.740000,2.800000,2.800000,2955900
2020-04-24,2.780000,2.780000,2.680000,2.700000,2.700000,4174100
2020-04-27,2.720000,2.740000,2.660000,2.720000,2.720000,6052800
2020-04-28,2.700000,2.740000,2.660000,2.700000,2.700000,4181000
2020-04-29,2.700000,2.700000,2.540000,2.540000,2.540000,4898700
2020-04-30,2.540000,2.580000,2.480000,2.480000,2.480000,5522900
2020-05-05,2.460000,2.500000,2.460000,2.460000,2.460000,2722900
2020-05-07,2.420000,2.480000,2.420000,2.460000,2.460000,9208700
NEX,4
2019-12-16,3.290470,3.329181,3.077557,3.193691,3.193691,10336383
2019-12-17,3.174335,3.193691,2.980778,2.980778,2.980778,10480320
2019-12-18,2.903355,3.019490,2.903355,2.980778,2.980778,7251711
2019-12-19,2.980778,3.000134,2.961423,2.980778,2.980778,1611721
2019-12-20,3.000134,3.096913,3.000134,3.096913,3.096913,7601789
2019-12-23,3.019490,3.058201,2.903355,3.000134,3.000134,7078325
2019-12-24,3.000134,3.019490,2.942067,3.019490,3.019490,2428431
2019-12-25,2.980778,2.980778,2.961423,2.980778,2.980778,2406008
2019-12-26,2.961423,2.961423,2.671087,2.671087,2.671087,10211665
2019-12-27,2.651731,2.806577,2.574308,2.806577,2.806577,5303862
NEX,3
2019-12-27,2.651731,2.806577,2.574308,2.806577,2.806577,5303862
2019-12-30,2.787221,2.825933,2.787221,2.806577,2.806577,500524
2020-01-02,2.787221,2.806577,2.748510,2.806577,2.806577,933058
2020-01-03,2.806577,2.806577,2.729154,2.806577,2.806577,1095284
2020-01-06,2.748510,2.767866,2.690443,2.748510,2.748510,1286029
2020-01-07,2.748510,2.767866,2.729154,2.748510,2.748510,840682
2020-01-08,2.729154,2.729154,2.651731,2.709798,2.709798,1415293
2020-01-09,2.709798,2.825933,2.709798,2.787221,2.787221,1533191
2020-01-10,2.787221,2.864644,2.787221,2.845288,2.845288,3182523
2020-01-13,2.864644,2.884000,2.806577,2.845288,2.845288,884493
2020-01-14,2.864644,2.884000,2.825933,2.884000,2.884000,1590228
2020-01-15,2.864644,2.942067,2.864644,2.903355,2.903355,3140159
2020-01-16,2.903355,2.903355,2.884000,2.884000,2.884000,1414776
2020-01-17,2.884000,3.038845,2.884000,3.038845,3.038845,3042720
2020-01-20,3.019490,3.019490,2.980778,3.000134,3.000134,1614510
2020-01-21,3.019490,3.038845,2.961423,3.000134,3.000134,1413639
2020-01-22,3.000134,3.038845,2.942067,2.961423,2.961423,1908687
2020-01-23,2.942067,2.980778,2.942067,2.961423,2.961423,420031
2020-01-24,2.961423,2.980778,2.942067,2.961423,2.961423,1731892
2020-01-27,2.942067,2.961423,2.787221,2.922711,2.922711,4250632
2020-01-28,2.903355,2.980778,2.884000,2.903355,2.903355,2165562
2020-01-29,2.903355,2.922711,2.884000,2.903355,2.903355,667503
2020-01-30,2.903355,2.903355,2.825933,2.884000,2.884000,1948675
2020-01-31,2.884000,2.903355,2.845288,2.884000,2.884000,5108570
2020-02-03,2.825933,2.903355,2.825933,2.903355,2.903355,1833567
2020-02-04,2.903355,2.961423,2.864644,2.961423,2.961423,2291830
2020-02-05,2.903355,2.942067,2.903355,2.903355,2.903355,1541664
2020-02-06,2.884000,2.922711,2.884000,2.903355,2.903355,676906
2020-02-07,2.903355,2.903355,2.845288,2.903355,2.903355,1454764
2020-02-11,2.903355,2.922711,2.884000,2.922711,2.922711,3369652
2020-02-12,2.903355,2.942067,2.903355,2.942067,2.942067,2713514
2020-02-13,2.922711,2.922711,2.864644,2.884000,2.884000,1560366
2020-02-14,2.884000,2.903355,2.748510,2.884000,2.884000,6446264
2020-02-17,2.880000,2.940000,2.860000,2.880000,2.880000,1518800
2020-02-18,2.820000,2.820000,2.760000,2.800000,2.800000,1357200
2020-02-19,2.800000,2.840000,2.760000,2.840000,2.840000,936500
2020-02-20,2.820000,2.820000,2.760000,2.800000,2.800000,927300
2020-02-21,2.760000,2.780000,2.740000,2.760000,2.760000,1537900
2020-02-24,2.700000,2.720000,2.660000,2.700000,2.700000,9982200
2020-02-25,2.680000,2.760000,2.680000,2.740000,2.740000,1716400
2020-02-26,2.700000,2.700000,2.600000,2.700000,2.700000,2534000
2020-02-27,2.700000,2.800000,2.640000,2.800000,2.800000,2176200
2020-02-28,2.680000,2.740000,2.680000,2.700000,2.700000,732100
2020-03-02,2.700000,2.700000,2.640000,2.700000,2.700000,1848700
2020-03-03,2.700000,2.760000,2.680000,2.760000,2.760000,1111200
2020-03-04,2.720000,2.820000,2.700000,2.760000,2.760000,1186500
2020-03-05,2.740000,2.820000,2.740000,2.760000,2.760000,2974700
2020-03-06,2.700000,2.760000,2.660000,2.700000,2.700000,4222300
2020-03-09,2.660000,2.700000,2.620000,2.660000,2.660000,4612300
2020-03-10,2.640000,2.680000,2.640000,2.660000,2.660000,1581200
2020-03-11,2.640000,2.780000,2.600000,2.640000,2.640000,12756000
2020-03-12,2.600000,2.640000,2.520000,2.640000,2.640000,9031400
2020-03-13,2.560000,2.700000,2.520000,2.640000,2.640000,1937000
2020-03-16,2.580000,2.680000,2.580000,2.680000,2.680000,2804700
2020-03-17,2.660000,2.880000,2.660000,2.880000,2.880000,1333400
2020-03-18,2.820000,3.040000,2.820000,3.000000,3.000000,4288300
2020-03-19,2.900000,2.980000,2.900000,2.920000,2.920000,4753400
2020-03-20,2.920000,3.140000,2.920000,3.140000,3.140000,3932000
NEX,1
2020-05-07,2.420000,2.480000,2.420000,2.460000,2.460000,9208700
2020-05-08,2.460000,2.520000,2.460000,2.460000,2.460000,7173200
2020-05-11,2.480000,2.540000,2.480000,2.480000,2.480000,9858000
2020-05-12,2.520000,2.680000,2.500000,2.680000,2.680000,16969400
2020-05-13,2.820000,3.080000,2.820000,3.080000,3.080000,13364400
2020-05-14,3.540000,3.540000,3.360000,3.540000,3.540000,32459800
2020-05-15,3.500000,3.520000,3.160000,3.400000,3.400000,26249900
2020-05-18,3.480000,3.620000,3.240000,3.400000,3.400000,20733400
2020-05-19,3.420000,3.900000,3.400000,3.900000,3.900000,35970200
2020-05-20,4.100000,4.160000,3.900000,3.980000,3.980000,63342300
2020-05-21,4.020000,4.120000,3.800000,3.840000,3.840000,44705000
2020-05-22,3.800000,3.800000,3.580000,3.640000,3.640000,19618100
2020-05-25,3.640000,4.180000,3.640000,4.180000,4.180000,20662800
2020-05-26,4.140000,4.160000,4.000000,4.100000,4.100000,7334700
2020-05-27,4.060000,4.080000,3.860000,4.020000,4.020000,9728400
2020-05-28,4.020000,4.060000,3.900000,4.000000,4.000000,5580200
2020-05-29,3.940000,4.260000,3.940000,4.200000,4.200000,11117800
NEX,4
2020-05-29,3.940000,4.260000,3.940000,4.200000,4.200000,11117800
2020-06-01,4.100000,4.200000,4.100000,4.120000,4.120000,8909600
2020-06-02,4.100000,4.140000,3.840000,3.840000,3.840000,14991200
2020-06-04,3.860000,3.980000,3.800000,3.960000,3.960000,9083700
2020-06-05,3.940000,4.080000,3.900000,4.080000,4.080000,4924700
2020-06-08,4.040000,4.060000,3.960000,4.000000,4.000000,5378600
2020-06-09,3.980000,4.040000,3.880000,3.880000,3.880000,7227300
2020-06-10,3.920000,3.960000,3.840000,3.960000,3.960000,3288200
2020-06-11,3.920000,4.020000,3.880000,3.920000,3.920000,4826200
2020-06-12,3.840000,3.880000,3.800000,3.880000,3.880000,3721200
2020-06-15,3.860000,4.020000,3.860000,3.980000,3.980000,7265600
2020-06-16,4.000000,4.020000,3.940000,4.000000,4.000000,3236100
2020-06-17,4.000000,4.020000,3.900000,3.940000,3.940000,3713600
2020-06-18,3.880000,3.960000,3.840000,3.900000,3.900000,8038400
2020-06-19,3.840000,3.860000,3.580000,3.740000,3.740000,8772400
NEX,1
2020-06-19,3.840000,3.860000,3.580000,3.740000,3.740000,8772400
2020-06-22,3.680000,3.760000,3.660000,3.660000,3.660000,3119600
2020-06-23,3.660000,3.700000,3.660000,3.700000,3.700000,1570200
2020-06-24,3.720000,3.720000,3.640000,3.700000,3.700000,2564100
2020-06-25,3.600000,3.680000,3.600000,3.680000,3.680000,2788800
2020-06-26,3.640000,3.820000,3.600000,3.800000,3.800000,6566300
2020-06-29,3.740000,3.860000,3.720000,3.860000,3.860000,3738500
2020-06-30,3.880000,3.920000,3.840000,3.860000,3.860000,4316200
2020-07-01,3.860000,3.900000,3.820000,3.880000,3.880000,2573700
2020-07-02,3.860000,4.060000,3.860000,4.020000,4.020000,5559500
2020-07-03,4.020000,4.040000,3.760000,4.040000,4.040000,11074800
2020-07-07,4.520000,4.640000,4.400000,4.640000,4.640000,54519200
2020-07-08,4.960000,5.250000,4.280000,4.420000,4.420000,133256400
2020-07-09,4.400000,4.760000,4.400000,4.700000,4.700000,58137900
2020-07-10,4.740000,4.900000,4.620000,4.620000,4.620000,41514300
2020-07-13,4.600000,4.680000,4.280000,4.400000,4.400000,14525800
2020-07-14,4.280000,4.520000,4.280000,4.520000,4.520000,9898200
2020-07-15,4.560000,4.740000,4.480000,4.700000,4.700000,12853500
2020-07-16,4.660000,4.740000,4.600000,4.680000,4.680000,4541400
2020-07-17,4.660000,5.050000,4.660000,5.000000,5.000000,25636800
2020-07-20,5.050000,5.750000,5.050000,5.750000,5.750000,44905400
2020-07-21,5.350000,5.800000,5.150000,5.600000,5.600000,35432200
2020-07-22,5.600000,6.300000,5.550000,5.900000,5.900000,52685400
NEX,4
2020-07-22,5.600000,6.300000,5.550000,5.900000,5.900000,52685400
2020-07-23,6.000000,6.150000,5.800000,6.100000,6.100000,16510400
2020-07-24,6.100000,6.100000,5.450000,6.000000,6.000000,35948300
2020-07-29,6.050000,6.100000,5.700000,5.800000,5.800000,14456100
2020-07-30,5.850000,5.900000,5.100000,5.350000,5.350000,25237900
2020-07-31,5.250000,5.600000,5.200000,5.550000,5.550000,8738000
2020-08-03,5.500000,5.500000,5.350000,5.450000,5.450000,5996200
2020-08-04,5.500000,5.750000,5.450000,5.700000,5.700000,10105200
2020-08-05,5.600000,5.700000,5.500000,5.650000,5.650000,5550900
2020-08-06,5.650000,5.700000,5.200000,5.350000,5.350000,14665100
2020-08-07,5.300000,5.400000,5.250000,5.300000,5.300000,2489200
2020-08-10,5.300000,5.550000,5.200000,5.400000,5.400000,6300600
2020-08-11,5.400000,5.600000,5.250000,5.600000,5.600000,7430200
2020-08-13,5.650000,5.750000,5.400000,5.500000,5.500000,7011200
2020-08-14,5.400000,5.500000,5.350000,5.500000,5.500000,6236700
2020-08-17,5.450000,5.450000,4.680000,4.800000,4.800000,30373900
2020-08-18,4.720000,5.050000,4.640000,5.050000,5.050000,10069400
2020-08-19,5.000000,5.050000,4.760000,4.900000,4.900000,5701900
2020-08-20,4.800000,5.200000,4.780000,5.150000,5.150000,8824400
2020-08-21,5.100000,5.250000,4.900000,5.050000,5.050000,10053200
2020-08-24,4.840000,5.000000,4.800000,4.920000,4.920000,6091900
2020-08-25,4.940000,5.150000,4.820000,4.960000,4.960000,11542100
2020-08-26,4.920000,5.000000,4.880000,4.960000,4.960000,2589600
2020-08-27,4.960000,5.100000,4.900000,5.050000,5.050000,4708100
2020-08-28,5.050000,5.200000,5.000000,5.050000,5.050000,3665200
2020-08-31,5.100000,5.100000,4.740000,4.780000,4.780000,9463900
2020-09-01,4.720000,4.840000,4.460000,4.820000,4.820000,10008500
2020-09-02,4.780000,4.880000,4.780000,4.880000,4.880000,2096200
2020-09-03,4.900000,4.940000,4.800000,4.800000,4.800000,3773300
2020-09-08,4.780000,4.800000,4.560000,4.600000,4.600000,5602800
2020-09-09,4.440000,4.480000,4.080000,4.380000,4.380000,14476500
2020-09-10,4.460000,4.520000,4.100000,4.340000,4.340000,10035300
2020-09-11,4.340000,4.520000,4.240000,4.480000,4.480000,9438900
2020-09-14,4.800000,5.000000,4.380000,4.400000,4.400000,89149800
2020-09-15,4.440000,4.520000,4.180000,4.260000,4.260000,25527800
2020-09-16,4.300000,4.380000,4.220000,4.220000,4.220000,21287000
2020-09-17,4.220000,4.340000,4.220000,4.280000,4.280000,9181000
2020-09-18,4.320000,4.320000,4.220000,4.220000,4.220000,5484100
2020-09-21,4.280000,4.560000,4.260000,4.420000,4.420000,26221300
2020-09-22,4.380000,4.480000,4.320000,4.380000,4.380000,11485200
2020-09-23,4.400000,4.460000,4.320000,4.320000,4.320000,6070600
2020-09-24,4.320000,4.360000,4.180000,4.180000,4.180000,6687200
2020-09-25,4.180000,4.260000,4.160000,4.200000,4.200000,5719600
2020-09-28,4.240000,4.300000,4.200000,4.220000,4.220000,3557200
2020-09-29,4.240000,4.360000,4.220000,4.300000,4.300000,9246400
2020-09-30,4.320000,4.340000,4.220000,4.220000,4.220000,4197300
2020-10-01,4.220000,4.240000,4.080000,4.080000,4.080000,5628800
2020-10-02,4.060000,4.260000,4.060000,4.160000,4.160000,5831100
2020-10-05,4.220000,4.280000,4.180000,4.200000,4.200000,4641200
2020-10-06,4.220000,4.240000,4.200000,4.200000,4.200000,2062900
2020-10-07,4.200000,4.560000,4.200000,4.560000,4.560000,24767400
2020-10-08,4.680000,4.740000,4.440000,4.440000,4.440000,37596100
2020-10-09,4.460000,4.780000,4.440000,4.740000,4.740000,39697100
2020-10-12,4.780000,4.960000,4.720000,4.720000,4.720000,54530200
2020-10-14,4.760000,4.800000,4.660000,4.660000,4.660000,11301500
2020-10-15,4.680000,4.720000,4.540000,4.560000,4.560000,9524700
2020-10-16,4.540000,4.620000,4.340000,4.380000,4.380000,10761800
2020-10-19,4.280000,4.280000,4.100000,4.120000,4.120000,8849500
2020-10-20,4.080000,4.260000,4.080000,4.160000,4.160000,9900800
NEX,2
2020-10-20,4.080000,4.260000,4.080000,4.160000,4.160000,9900800
2020-10-21,4.180000,4.280000,4.160000,4.160000,4.160000,9483500
2020-10-22,4.160000,4.200000,4.100000,4.160000,4.160000,4509400
2020-10-26,4.160000,4.540000,4.160000,4.540000,4.540000,28235800
2020-10-27,4.520000,4.600000,4.360000,4.380000,4.380000,29023600
2020-10-28,4.380000,4.460000,4.360000,4.360000,4.360000,11840900
2020-10-29,4.320000,4.360000,4.180000,4.180000,4.180000,9126700
2020-10-30,4.220000,4.280000,4.120000,4.160000,4.160000,6841700
2020-11-02,4.160000,4.240000,4.140000,4.160000,4.160000,6563300
2020-11-03,4.220000,4.320000,4.180000,4.300000,4.300000,13992600
2020-11-04,4.340000,4.360000,4.220000,4.220000,4.220000,12826000
2020-11-05,4.280000,4.340000,4.240000,4.280000,4.280000,10356900
2020-11-06,4.300000,4.480000,4.260000,4.360000,4.360000,29502100
2020-11-09,4.420000,4.780000,4.380000,4.780000,4.780000,45922500
2020-11-10,4.740000,4.780000,4.380000,4.400000,4.400000,35980600
2020-11-11,4.420000,4.520000,4.420000,4.460000,4.460000,11392300
2020-11-12,4.460000,4.700000,4.460000,4.500000,4.500000,30981100
2020-11-13,4.480000,4.580000,4.480000,4.500000,4.500000,8548800
2020-11-16,4.540000,4.640000,4.540000,4.560000,4.560000,10795300
2020-11-17,4.600000,4.600000,4.460000,4.460000,4.460000,10172400
2020-11-18,4.480000,4.580000,4.460000,4.560000,4.560000,8253300
2020-11-19,4.620000,4.900000,4.620000,4.880000,4.880000,62892600
2020-11-20,5.000000,5.050000,4.680000,4.800000,4.800000,76111100
2020-11-23,4.680000,4.740000,4.540000,4.580000,4.580000,30365500
2020-11-24,4.620000,4.680000,4.540000,4.540000,4.540000,13022200
2020-11-25,4.580000,4.640000,4.480000,4.480000,4.480000,10640400
2020-11-26,4.540000,4.660000,4.540000,4.660000,4.660000,11742500
2020-11-27,4.620000,4.680000,4.580000,4.640000,4.640000,9607500
2020-11-30,4.620000,4.640000,4.500000,4.520000,4.520000,5397500
2020-12-01,4.560000,4.620000,4.540000,4.540000,4.540000,5278600
2020-12-02,4.520000,4.560000,4.420000,4.480000,4.480000,7773000
2020-12-03,4.480000,4.520000,4.440000,4.480000,4.480000,3893300
2020-12-04,4.500000,4.560000,4.480000,4.480000,4.480000,4756300
2020-12-08,4.480000,4.500000,4.380000,4.420000,4.420000,6603400
2020-12-09,4.440000,4.500000,4.380000,4.400000,4.400000,9041500
2020-12-14,4.400000,4.420000,4.360000,4.360000,4.360000,3142200
2020-12-15,4.360000,4.400000,4.300000,4.320000,4.320000,3436800
2020-12-16,4.340000,4.360000,4.260000,4.260000,4.260000,4859200
2020-12-17,4.280000,4.340000,4.240000,4.340000,4.340000,2455100
2020-12-18,4.340000,4.560000,4.340000,4.520000,4.520000,21521300
2020-12-21,4.320000,4.500000,4.260000,4.260000,4.260000,11239600
2020-12-22,4.240000,4.380000,4.200000,4.340000,4.340000,5980000
2020-12-23,4.340000,4.440000,4.300000,4.320000,4.320000,5354700
2020-12-24,4.340000,4.380000,4.280000,4.320000,4.320000,4217400
2020-12-25,4.340000,4.340000,4.240000,4.260000,4.260000,5690300
2020-12-28,4.280000,4.320000,4.160000,4.180000,4.180000,9302500
2020-12-29,4.200000,4.360000,4.200000,4.300000,4.300000,7087300
2020-12-30,4.300000,4.340000,4.180000,4.200000,4.200000,2961900
2021-01-04,4.160000,4.320000,4.140000,4.280000,4.280000,5210200
2021-01-05,4.300000,4.680000,4.300000,4.680000,4.680000,52699300
2021-01-06,4.780000,4.840000,4.540000,4.540000,4.540000,55804500
2021-01-07,4.640000,4.660000,4.540000,4.600000,4.600000,10631200
2021-01-08,4.660000,4.720000,4.540000,4.580000,4.580000,14412600
2021-01-11,4.640000,5.650000,4.640000,5.650000,5.650000,106027700
2021-01-12,5.650000,5.650000,4.940000,5.400000,5.400000,35730400
2021-01-13,5.250000,5.550000,5.200000,5.400000,5.400000,16069800
2021-01-14,5.400000,5.550000,5.300000,5.400000,5.400000,5394000
2021-01-15,5.400000,5.400000,5.100000,5.200000,5.200000,11248100
2021-01-18,5.150000,5.450000,5.050000,5.350000,5.350000,9502800
2021-01-19,5.350000,5.400000,5.250000,5.300000,5.300000,6176400
2021-01-20,5.250000,5.350000,5.200000,5.300000,5.300000,4598200
2021-01-21,5.300000,5.500000,5.200000,5.400000,5.400000,8430800
2021-01-22,5.350000,5.350000,5.000000,5.100000,5.100000,13016400
2021-01-25,5.200000,5.300000,5.100000,5.250000,5.250000,4960900
2021-01-26,5.200000,5.500000,5.200000,5.500000,5.500000,11050700
2021-01-27,5.450000,5.600000,5.150000,5.300000,5.300000,16880000
2021-01-28,5.200000,5.350000,4.880000,5.000000,5.000000,22802200
2021-01-29,5.150000,5.250000,4.960000,5.250000,5.250000,15279100
2021-02-01,5.150000,5.500000,5.150000,5.500000,5.500000,16874000
2021-02-02,5.250000,5.350000,5.200000,5.250000,5.250000,8470800
2021-02-03,5.300000,5.300000,5.100000,5.150000,5.150000,5882200
2021-02-04,5.200000,5.300000,5.100000,5.250000,5.250000,4603400
2021-02-05,5.250000,5.400000,5.200000,5.250000,5.250000,7307400
2021-02-08,5.250000,5.350000,5.150000,5.250000,5.250000,5516100
2021-02-09,5.250000,5.450000,5.200000,5.300000,5.300000,7766200
2021-02-10,5.250000,5.350000,5.250000,5.250000,5.250000,2085200
2021-02-11,5.300000,5.350000,5.150000,5.250000,5.250000,6614200
2021-02-15,5.250000,5.300000,5.050000,5.200000,5.200000,8099200
2021-02-16,5.200000,5.300000,5.150000,5.250000,5.250000,4453800
2021-02-17,5.300000,5.600000,5.200000,5.350000,5.350000,24687100
2021-02-18,5.350000,5.400000,5.200000,5.300000,5.300000,4157000
2021-02-19,5.300000,5.400000,5.250000,5.300000,5.300000,4444200
2021-02-22,5.350000,5.350000,5.100000,5.150000,5.150000,7784900
2021-02-23,5.200000,5.250000,4.960000,5.100000,5.100000,11960400
2021-02-24,5.100000,5.100000,4.800000,4.860000,4.860000,24216500
2021-02-25,4.800000,4.940000,4.640000,4.700000,4.700000,17701500
2021-03-01,4.680000,4.920000,4.640000,4.700000,4.700000,7249400
2021-03-02,4.920000,5.000000,4.860000,4.880000,4.880000,8476400
2021-03-03,4.960000,4.960000,4.880000,4.900000,4.900000,3534500
2021-03-04,4.900000,4.900000,4.640000,4.700000,4.700000,13793600
2021-03-05,4.720000,4.800000,4.720000,4.760000,4.760000,4160100
2021-03-08,4.780000,4.800000,4.560000,4.620000,4.620000,12498700
2021-03-09,4.620000,4.680000,4.600000,4.600000,4.600000,3047400
2021-03-10,4.700000,4.700000,4.620000,4.660000,4.660000,2979700
2021-03-11,4.660000,4.700000,4.640000,4.640000,4.640000,2676800
2021-03-12,4.640000,4.700000,4.640000,4.640000,4.640000,1941400
2021-03-15,4.660000,4.780000,4.640000,4.760000,4.760000,7721200
2021-03-16,4.780000,5.250000,4.780000,5.200000,5.200000,32787900
2021-03-17,5.200000,5.200000,4.800000,4.900000,4.900000,26929400
2021-03-18,4.960000,5.000000,4.900000,4.900000,4.900000,8654500
2021-03-19,4.880000,5.100000,4.860000,5.000000,5.000000,22244700
2021-03-22,5.000000,5.050000,4.940000,4.960000,4.960000,5439300
2021-03-23,4.940000,5.000000,4.920000,4.920000,4.920000,5139200
2021-03-24,4.940000,5.250000,4.920000,5.200000,5.200000,18052300
2021-03-25,5.500000,5.700000,4.920000,5.100000,5.100000,88625500
2021-03-26,5.100000,5.200000,5.050000,5.150000,5.150000,11279200
2021-03-29,5.450000,5.600000,5.300000,5.500000,5.500000,23679200
2021-03-30,5.550000,5.600000,5.450000,5.500000,5.500000,9044400
2021-03-31,5.550000,6.350000,5.550000,6.300000,6.300000,75601100
2021-04-01,6.200000,6.800000,6.150000,6.650000,6.650000,49521700
NEX,4
2021-04-02,6.750000,6.800000,6.300000,6.550000,6.550000,33942000
2021-04-05,6.250000,6.350000,5.900000,6.100000,6.100000,17877000
2021-04-07,5.850000,6.050000,5.850000,5.900000,5.900000,10023900
2021-04-08,5.950000,6.200000,5.700000,5.850000,5.850000,15515300
2021-04-09,5.900000,6.000000,5.700000,5.850000,5.850000,7733400
2021-04-12,5.850000,5.850000,5.700000,5.700000,5.700000,6255100
2021-04-16,5.600000,5.700000,5.450000,5.650000,5.650000,5354200
2021-04-19,5.650000,5.900000,5.650000,5.850000,5.850000,4823600
2021-04-20,5.850000,5.900000,5.750000,5.850000,5.850000,5289400
2021-04-21,5.800000,5.850000,5.700000,5.800000,5.800000,2812000
2021-04-22,5.850000,5.850000,5.700000,5.700000,5.700000,2227400
2021-04-23,5.700000,5.750000,5.550000,5.650000,5.650000,4359900
2021-04-26,5.550000,5.750000,5.550000,5.600000,5.600000,3259000
2021-04-27,5.650000,5.700000,5.550000,5.600000,5.600000,2688600
2021-04-28,5.600000,5.800000,5.500000,5.700000,5.700000,5677400
2021-04-29,5.700000,5.800000,5.600000,5.650000,5.650000,4480300
2021-04-30,5.650000,5.650000,5.500000,5.600000,5.600000,5449900
2021-05-05,5.550000,5.650000,5.400000,5.450000,5.450000,5205800
2021-05-06,5.400000,5.500000,5.400000,5.500000,5.500000,3338100
2021-05-07,5.550000,5.650000,5.450000,5.550000,5.550000,2856800
2021-05-10,5.500000,5.800000,5.500000,5.750000,5.750000,4370600
2021-05-11,5.700000,5.850000,5.650000,5.700000,5.700000,6329600
2021-05-12,5.750000,5.850000,5.650000,5.750000,5.750000,5095400
2021-05-13,5.700000,5.750000,5.100000,5.550000,5.550000,7326800
NEX,2
2021-05-13,5.700000,5.750000,5.100000,5.550000,5.550000,7326800
2021-05-14,5.600000,5.850000,5.350000,5.750000,5.750000,13155600
2021-05-17,5.550000,5.600000,5.350000,5.450000,5.450000,8072100
2021-05-18,5.500000,5.750000,5.500000,5.600000,5.600000,8099300
2021-05-19,5.600000,5.650000,5.450000,5.450000,5.450000,4001900
2021-05-20,5.450000,5.500000,5.350000,5.400000,5.400000,4811200
2021-05-21,5.400000,5.450000,5.300000,5.350000,5.350000,2942400
2021-05-24,5.350000,5.550000,5.350000,5.450000,5.450000,2667000
2021-05-25,5.550000,5.850000,5.500000,5.850000,5.850000,10041000
2021-05-27,5.900000,6.350000,5.850000,5.950000,5.950000,36113300
2021-05-28,6.050000,6.100000,5.650000,5.650000,5.650000,15120000
2021-05-31,5.700000,6.000000,5.650000,5.800000,5.800000,9430200
2021-06-01,5.950000,6.100000,5.800000,5.900000,5.900000,20212400
2021-06-02,5.950000,6.050000,5.850000,5.850000,5.850000,5720100
2021-06-04,5.850000,5.950000,5.700000,5.750000,5.750000,5425400
2021-06-07,5.850000,6.000000,5.800000,5.850000,5.850000,8418900
2021-06-08,5.900000,6.200000,5.850000,6.200000,6.200000,34122100
2021-06-09,6.250000,6.400000,6.100000,6.200000,6.200000,21911500
2021-06-10,6.200000,6.250000,5.950000,5.950000,5.950000,9341700
2021-06-11,6.000000,6.100000,5.900000,6.000000,6.000000,6646400
2021-06-14,6.000000,6.000000,5.800000,5.800000,5.800000,5631300
2021-06-15,5.850000,6.000000,5.800000,5.850000,5.850000,8188100
2021-06-16,5.900000,5.950000,5.800000,5.850000,5.850000,4103000
2021-06-17,5.850000,6.000000,5.800000,5.800000,5.800000,6970900
2021-06-18,5.850000,6.050000,5.800000,5.850000,5.850000,9354600
2021-06-21,5.750000,5.850000,5.650000,5.700000,5.700000,7644900
2021-06-22,5.750000,5.850000,5.700000,5.700000,5.700000,4174500
2021-06-23,5.800000,6.350000,5.700000,6.350000,6.350000,51115500
2021-06-24,6.350000,6.450000,5.850000,5.950000,5.950000,48726100
2021-06-25,6.100000,6.200000,5.900000,5.950000,5.950000,15642100
2021-06-28,5.800000,6.150000,5.800000,6.150000,6.150000,8107200
2021-06-29,6.300000,6.700000,6.250000,6.650000,6.650000,49568100
2021-06-30,6.750000,7.900000,6.600000,6.700000,6.700000,197723600
2021-07-01,6.900000,7.050000,6.700000,6.850000,6.850000,49110600
2021-07-02,6.800000,7.150000,6.750000,6.800000,6.800000,31247600
2021-07-05,6.650000,6.750000,6.350000,6.700000,6.700000,15674000
2021-07-06,6.700000,7.150000,6.700000,7.100000,7.100000,16135600
2021-07-07,7.000000,7.150000,6.800000,6.950000,6.950000,15224900
2021-07-08,6.800000,6.850000,6.450000,6.500000,6.500000,14185000
2021-07-09,6.550000,6.750000,6.300000,6.700000,6.700000,9188000
2021-07-12,6.700000,6.750000,6.450000,6.600000,6.600000,6661100
2021-07-13,6.550000,6.950000,6.500000,6.850000,6.850000,9947100
2021-07-14,6.700000,6.950000,6.700000,6.900000,6.900000,6576000
2021-07-15,6.950000,7.400000,6.850000,7.400000,7.400000,29960900
2021-07-16,7.300000,7.450000,7.150000,7.300000,7.300000,13657900
2021-07-19,7.000000,7.300000,6.950000,7.250000,7.250000,8072000
2021-07-20,7.400000,7.900000,7.350000,7.900000,7.900000,39239500
2021-07-21,8.050000,8.700000,7.800000,8.700000,8.700000,43232700
2021-07-22,8.600000,9.000000,7.800000,8.200000,8.200000,59086100
2021-07-23,8.300000,9.500000,8.250000,9.400000,9.400000,49171100
2021-07-27,9.400000,9.950000,9.100000,9.950000,9.950000,19538000
2021-07-29,9.900000,10.000000,9.800000,10.000000,10.000000,11442100
NEX,3
2021-07-29,9.900000,10.000000,9.800000,10.000000,10.000000,11442100
2021-07-30,9.900000,9.950000,8.850000,9.600000,9.600000,15881400
2021-08-02,9.250000,9.700000,8.950000,9.600000,9.600000,4943400
2021-08-03,9.600000,9.850000,9.450000,9.750000,9.750000,3966400
2021-08-04,9.800000,9.800000,9.300000,9.500000,9.500000,4201000
2021-08-05,9.500000,9.650000,9.200000,9.400000,9.400000,5308500
2021-08-06,9.450000,9.500000,9.150000,9.300000,9.300000,5944200
2021-08-09,9.300000,9.350000,8.900000,9.150000,9.150000,4645000
2021-08-10,9.300000,9.650000,9.050000,9.350000,9.350000,12168600
2021-08-11,9.250000,9.650000,9.000000,9.400000,9.400000,10015600
2021-08-13,9.200000,9.350000,8.350000,8.850000,8.850000,27284100
2021-08-16,8.400000,8.900000,7.800000,8.700000,8.700000,19324100
