TWZ,1
2009-08-18,1.480000,1.590000,1.470000,1.580000,1.226527,36808400
2009-08-19,1.570000,1.570000,1.440000,1.510000,1.172187,29881400
2009-08-20,1.560000,1.560000,1.500000,1.500000,1.164424,32110300
2009-08-21,1.520000,1.530000,1.490000,1.490000,1.156661,11575900
2009-08-24,1.500000,1.540000,1.480000,1.490000,1.156661,15904600
2009-08-25,1.500000,1.510000,1.470000,1.480000,1.148899,3500100
2009-08-26,1.500000,1.520000,1.470000,1.470000,1.141136,7376400
2009-08-27,1.480000,1.500000,1.460000,1.460000,1.133373,16390200
2009-08-28,1.460000,1.500000,1.440000,1.470000,1.141136,13550800
2009-08-31,1.480000,1.480000,1.460000,1.460000,1.133373,2064000
2009-09-01,1.470000,1.480000,1.440000,1.470000,1.141136,6680200
2009-09-02,1.470000,1.470000,1.460000,1.470000,1.141136,489900
2009-09-03,1.470000,1.480000,1.470000,1.480000,1.148899,3702200
2009-09-04,1.490000,1.510000,1.480000,1.510000,1.172187,11555000
2009-09-07,1.520000,1.530000,1.490000,1.490000,1.156661,8258800
2009-09-08,1.510000,1.530000,1.480000,1.500000,1.164424,6106600
2009-09-09,1.500000,1.520000,1.470000,1.500000,1.164424,5702800
2009-09-10,1.500000,1.510000,1.480000,1.480000,1.148899,6435100
2009-09-11,1.490000,1.500000,1.470000,1.490000,1.156661,2832100
2009-09-14,1.500000,1.500000,1.470000,1.470000,1.141136,1463800
2009-09-15,1.470000,1.480000,1.460000,1.470000,1.141136,1807200
2009-09-16,1.480000,1.500000,1.460000,1.490000,1.156661,6924000
2009-09-17,1.500000,1.530000,1.450000,1.450000,1.125610,25280800
2009-09-18,1.460000,1.470000,1.450000,1.460000,1.133373,2239000
2009-09-21,1.460000,1.480000,1.450000,1.460000,1.133373,2529900
2009-09-22,1.470000,1.470000,1.450000,1.460000,1.133373,1126700
2009-09-23,1.470000,1.470000,1.450000,1.470000,1.141136,1836900
2009-09-24,1.470000,1.470000,1.460000,1.460000,1.133373,1119000
2009-09-25,1.460000,1.470000,1.450000,1.460000,1.133373,2578000
2009-09-28,1.470000,1.470000,1.440000,1.450000,1.125610,1226300
2009-09-29,1.460000,1.460000,1.440000,1.440000,1.117848,3384800
2009-09-30,1.450000,1.460000,1.430000,1.440000,1.117848,2994300
2009-10-01,1.450000,1.450000,1.400000,1.430000,1.110085,2565900
2009-10-02,1.420000,1.430000,1.410000,1.430000,1.110085,79800
2009-10-05,1.430000,1.460000,1.420000,1.420000,1.102322,4572600
2009-10-06,1.430000,1.440000,1.420000,1.430000,1.110085,1244800
2009-10-07,1.430000,1.430000,1.410000,1.420000,1.102322,1250600
2009-10-08,1.420000,1.420000,1.400000,1.410000,1.094559,3370300
2009-10-09,1.410000,1.410000,1.390000,1.400000,1.086796,1478300
2009-10-12,1.410000,1.420000,1.390000,1.420000,1.102322,990300
2009-10-13,1.420000,1.430000,1.400000,1.400000,1.086796,542100
2009-10-14,1.410000,1.410000,1.340000,1.370000,1.063508,2843800
2009-10-15,1.380000,1.390000,1.290000,1.290000,1.001405,1375500
2009-10-16,1.300000,1.340000,1.290000,1.330000,1.032456,674100
2009-10-19,1.330000,1.400000,1.330000,1.390000,1.079033,647900
2009-10-20,1.400000,1.410000,1.380000,1.390000,1.079033,667100
2009-10-21,1.370000,1.400000,1.370000,1.400000,1.086796,626100
2009-10-22,1.400000,1.400000,1.370000,1.390000,1.079033,297200
2009-10-26,1.390000,1.400000,1.380000,1.400000,1.086796,391400
2009-10-27,1.400000,1.410000,1.380000,1.400000,1.086796,432900
2009-10-28,1.400000,1.400000,1.380000,1.380000,1.071270,699400
2009-10-29,1.390000,1.400000,1.360000,1.380000,1.071270,734000
2009-10-30,1.380000,1.390000,1.370000,1.390000,1.079033,640000
2009-11-02,1.390000,1.390000,1.360000,1.370000,1.063508,433300
2009-11-03,1.370000,1.380000,1.350000,1.370000,1.063508,237200
2009-11-04,1.370000,1.380000,1.370000,1.380000,1.071270,217300
2009-11-05,1.380000,1.380000,1.350000,1.360000,1.055745,234800
2009-11-06,1.370000,1.380000,1.350000,1.370000,1.063508,550200
2009-11-09,1.380000,1.380000,1.370000,1.370000,1.063508,983300
2009-11-10,1.380000,1.420000,1.380000,1.400000,1.086796,2716300
2009-11-11,1.400000,1.470000,1.400000,1.430000,1.110085,22461900
2009-11-12,1.430000,1.450000,1.350000,1.370000,1.063508,8684300
2009-11-13,1.380000,1.410000,1.360000,1.400000,1.086796,21104300
2009-11-16,1.410000,1.420000,1.370000,1.370000,1.063508,8572200
2009-11-17,1.370000,1.380000,1.340000,1.340000,1.040219,2079800
2009-11-18,1.360000,1.360000,1.300000,1.310000,1.016930,3615800
2009-11-19,1.320000,1.320000,1.290000,1.300000,1.009168,2190200
2009-11-20,1.300000,1.330000,1.290000,1.300000,1.009168,3115400
2009-11-23,1.310000,1.330000,1.290000,1.300000,1.009168,1265600
2009-11-24,1.310000,1.310000,1.260000,1.260000,0.978116,1661100
2009-11-25,1.250000,1.300000,1.250000,1.260000,0.978116,4048300
2009-11-26,1.270000,1.280000,1.250000,1.260000,0.978116,1057200
2009-11-27,1.250000,1.260000,1.190000,1.220000,0.947065,2280400
2009-11-30,1.230000,1.240000,1.210000,1.230000,0.954828,281200
2009-12-01,1.240000,1.240000,1.180000,1.210000,0.939302,2155000
2009-12-02,1.200000,1.200000,1.150000,1.150000,0.892725,1502300
2009-12-03,1.170000,1.190000,1.170000,1.180000,0.916014,948900
2009-12-04,1.190000,1.210000,1.170000,1.190000,0.923777,3700600
2009-12-08,1.200000,1.210000,1.180000,1.200000,0.931539,760500
2009-12-09,1.190000,1.190000,1.170000,1.180000,0.916014,554500
2009-12-11,1.190000,1.190000,1.180000,1.180000,0.916014,226500
2009-12-14,1.180000,1.190000,1.170000,1.180000,0.916014,696700
2009-12-15,1.190000,1.210000,1.190000,1.200000,0.931539,2263000
2009-12-16,1.200000,1.240000,1.200000,1.240000,0.962591,8900100
2009-12-17,1.250000,1.270000,1.240000,1.260000,0.978116,4560200
2009-12-18,1.260000,1.290000,1.190000,1.200000,0.931539,15413800
2009-12-21,1.210000,1.210000,1.190000,1.200000,0.931539,2237900
2009-12-22,1.200000,1.210000,1.190000,1.210000,0.939302,388900
2009-12-23,1.210000,1.210000,1.190000,1.200000,0.931539,935400
2009-12-24,1.210000,1.210000,1.180000,1.200000,0.931539,1143300
2009-12-25,1.200000,1.200000,1.190000,1.200000,0.931539,1030400
2009-12-28,1.200000,1.210000,1.200000,1.200000,0.931539,290700
2009-12-29,1.190000,1.220000,1.180000,1.210000,0.939302,1508100
2009-12-30,1.210000,1.220000,1.190000,1.210000,0.939302,1103600
2010-01-04,1.210000,1.210000,1.200000,1.210000,0.939302,654600
2010-01-05,1.210000,1.210000,1.200000,1.200000,0.931539,774800
2010-01-06,1.190000,1.210000,1.170000,1.210000,0.939302,1351400
2010-01-07,1.190000,1.210000,1.190000,1.200000,0.931539,869100
2010-01-08,1.200000,1.200000,1.180000,1.200000,0.931539,1474100
2010-01-11,1.200000,1.200000,1.190000,1.200000,0.931539,578000
2010-01-12,1.190000,1.200000,1.180000,1.190000,0.923777,1784100
2010-01-13,1.190000,1.200000,1.180000,1.200000,0.931539,1421600
2010-01-14,1.200000,1.240000,1.180000,1.190000,0.923777,10852200
2010-01-15,1.190000,1.200000,1.180000,1.190000,0.923777,2846800
2010-01-18,1.190000,1.190000,1.180000,1.180000,0.916014,519800
2010-01-19,1.180000,1.190000,1.160000,1.170000,0.908251,1312900
2010-01-20,1.170000,1.170000,1.150000,1.170000,0.908251,437000
2010-01-21,1.170000,1.170000,1.110000,1.110000,0.861674,1298100
2010-01-22,1.110000,1.130000,1.110000,1.110000,0.861674,509000
2010-01-25,1.110000,1.110000,1.090000,1.090000,0.846148,673200
2010-01-26,1.100000,1.110000,1.090000,1.100000,0.853911,257100
2010-01-27,1.110000,1.110000,1.060000,1.060000,0.822860,448600
TWZ,3
2010-01-27,1.110000,1.110000,1.060000,1.060000,0.822860,448600
2010-01-28,1.080000,1.120000,1.060000,1.100000,0.853911,3609400
2010-01-29,1.110000,1.120000,1.100000,1.100000,0.853911,1075500
2010-02-01,1.110000,1.120000,1.090000,1.110000,0.861674,592200
2010-02-02,1.110000,1.120000,1.090000,1.090000,0.846148,398000
2010-02-03,1.100000,1.110000,1.090000,1.100000,0.853911,347200
2010-02-04,1.100000,1.100000,1.090000,1.100000,0.853911,178500
2010-02-05,1.100000,1.100000,1.080000,1.100000,0.853911,259300
2010-02-08,1.100000,1.100000,1.070000,1.100000,0.853911,260900
2010-02-09,1.080000,1.110000,1.070000,1.110000,0.861674,439500
2010-02-10,1.120000,1.120000,1.100000,1.120000,0.869437,452100
2010-02-11,1.120000,1.120000,1.100000,1.110000,0.861674,405400
2010-02-12,1.110000,1.120000,1.090000,1.110000,0.861674,130400
2010-02-15,1.110000,1.110000,1.090000,1.100000,0.853911,196000
2010-02-16,1.100000,1.100000,1.090000,1.100000,0.853911,82700
2010-02-17,1.100000,1.100000,1.080000,1.100000,0.853911,1712600
2010-02-18,1.100000,1.100000,1.090000,1.100000,0.853911,541000
2010-02-19,1.100000,1.100000,1.080000,1.090000,0.846148,638400
2010-02-22,1.100000,1.110000,1.090000,1.100000,0.853911,673500
2010-02-23,1.100000,1.100000,1.090000,1.100000,0.853911,447800
2010-02-24,1.100000,1.100000,1.090000,1.100000,0.853911,298600
2010-02-25,1.100000,1.110000,1.090000,1.090000,0.846148,779700
2010-02-26,1.100000,1.110000,1.090000,1.100000,0.853911,1064600
2010-03-02,1.100000,1.360000,1.100000,1.270000,0.985879,84798000
TWZ,1
2010-03-02,1.100000,1.360000,1.100000,1.270000,0.985879,84798000
2010-03-03,1.280000,1.280000,1.230000,1.250000,0.970354,18237500
2010-03-04,1.240000,1.270000,1.210000,1.210000,0.939302,7284200
2010-03-05,1.220000,1.220000,1.120000,1.120000,0.869437,7615100
2010-03-08,1.130000,1.140000,1.110000,1.110000,0.861674,3816000
2010-03-09,1.120000,1.150000,1.100000,1.120000,0.869437,8874000
2010-03-10,1.120000,1.130000,1.110000,1.110000,0.861674,1136200
2010-03-11,1.120000,1.130000,1.100000,1.110000,0.861674,3052800
2010-03-12,1.100000,1.120000,1.090000,1.100000,0.853911,1235600
2010-03-15,1.090000,1.120000,1.090000,1.120000,0.869437,4665600
2010-03-16,1.100000,1.100000,1.090000,1.100000,0.868779,2488700
2010-03-17,1.100000,1.120000,1.100000,1.120000,0.884575,3586300
2010-03-18,1.120000,1.120000,1.090000,1.090000,0.860881,1915000
2010-03-19,1.100000,1.110000,1.090000,1.100000,0.868779,2759900
2010-03-22,1.110000,1.110000,1.100000,1.100000,0.868779,767900
2010-03-23,1.100000,1.110000,1.090000,1.100000,0.868779,727700
2010-03-24,1.100000,1.110000,1.090000,1.090000,0.860881,1100600
2010-03-25,1.100000,1.110000,1.080000,1.080000,0.852983,1374600
2010-03-26,1.100000,1.100000,1.080000,1.090000,0.860881,506100
2010-03-29,1.090000,1.100000,1.080000,1.090000,0.860881,502000
2010-03-30,1.080000,1.100000,1.080000,1.100000,0.868779,524000
2010-03-31,1.100000,1.100000,1.090000,1.100000,0.868779,216000
2010-04-01,1.090000,1.130000,1.090000,1.100000,0.868779,7966800
2010-04-02,1.100000,1.110000,1.100000,1.110000,0.876677,2140400
2010-04-05,1.100000,1.110000,1.090000,1.100000,0.868779,987100
2010-04-07,1.100000,1.110000,1.090000,1.100000,0.868779,1231300
2010-04-08,1.090000,1.100000,1.070000,1.080000,0.852983,1054400
2010-04-09,1.080000,1.080000,1.060000,1.080000,0.852983,490200
2010-04-12,1.060000,1.080000,1.050000,1.080000,0.852983,671200
2010-04-16,1.080000,1.080000,1.060000,1.080000,0.852983,770800
2010-04-19,1.060000,1.100000,1.060000,1.100000,0.868779,1391700
2010-04-20,1.100000,1.100000,1.090000,1.100000,0.868779,945600
2010-04-21,1.100000,1.100000,1.080000,1.090000,0.860881,1086400
2010-04-22,1.080000,1.090000,1.080000,1.090000,0.860881,915000
2010-04-23,1.090000,1.090000,1.080000,1.090000,0.860881,511700
2010-04-26,1.090000,1.100000,1.090000,1.090000,0.860881,635400
2010-04-27,1.090000,1.100000,1.080000,1.090000,0.860881,361200
2010-04-28,1.090000,1.090000,1.080000,1.090000,0.860881,522700
2010-04-29,1.090000,1.100000,1.080000,1.090000,0.860881,626800
2010-04-30,1.090000,1.100000,1.090000,1.100000,0.868779,587100
2010-05-04,1.100000,1.110000,1.090000,1.100000,0.868779,1142000
2010-05-06,1.100000,1.110000,1.090000,1.110000,0.876677,2328300
2010-05-07,1.110000,1.110000,1.100000,1.110000,0.876677,762500
2010-05-10,1.110000,1.130000,1.110000,1.120000,0.884575,1593900
2010-05-11,1.120000,1.140000,1.100000,1.100000,0.868779,6253500
2010-05-12,1.070000,1.080000,1.050000,1.080000,0.852983,4907400
2010-05-13,1.080000,1.090000,1.060000,1.080000,0.852983,1371100
2010-05-14,1.080000,1.090000,1.080000,1.090000,0.860881,555000
2010-05-17,1.060000,1.090000,1.060000,1.070000,0.845085,431500
2010-05-18,1.070000,1.070000,1.060000,1.060000,0.837187,362200
2010-05-19,1.070000,1.070000,1.050000,1.070000,0.845085,146500
2010-05-20,1.070000,1.070000,1.070000,1.070000,0.845085,0
2010-05-21,1.070000,1.070000,1.070000,1.070000,0.845085,0
2010-05-24,1.080000,1.080000,1.070000,1.070000,0.845085,387400
2010-05-25,1.070000,1.080000,1.050000,1.060000,0.837187,597800
2010-05-26,1.060000,1.070000,1.050000,1.060000,0.837187,1187700
2010-05-27,1.050000,1.080000,1.040000,1.080000,0.852983,3177200
2010-05-31,1.070000,1.080000,1.050000,1.050000,0.829289,2142900
2010-06-01,1.050000,1.080000,1.030000,1.050000,0.829289,20330800
2010-06-02,1.050000,1.080000,1.030000,1.040000,0.821391,39945200
2010-06-03,1.050000,1.060000,1.040000,1.040000,0.821391,31561900
2010-06-04,1.040000,1.050000,1.020000,1.020000,0.805595,22928900
2010-06-07,1.030000,1.050000,1.010000,1.010000,0.797697,96998900
2010-06-08,1.020000,1.020000,0.960000,0.970000,0.766105,76295900
2010-06-09,0.970000,0.990000,0.950000,0.970000,0.766105,43727200
2010-06-10,0.970000,0.990000,0.950000,0.950000,0.750309,35353000
2010-06-11,0.960000,0.990000,0.920000,0.950000,0.750309,101093400
2010-06-14,0.950000,0.960000,0.930000,0.930000,0.734513,43051000
2010-06-15,0.940000,0.970000,0.910000,0.940000,0.742411,80421700
2010-06-16,0.940000,0.950000,0.910000,0.910000,0.718717,51648300
2010-06-17,0.920000,0.930000,0.880000,0.900000,0.710819,28573700
2010-06-18,0.900000,0.910000,0.890000,0.910000,0.718717,30018000
2010-06-21,0.920000,0.920000,0.890000,0.900000,0.710819,23860300
2010-06-22,0.900000,0.910000,0.900000,0.900000,0.710819,17779600
2010-06-23,0.900000,0.910000,0.890000,0.900000,0.710819,8110400
2010-06-24,0.900000,0.910000,0.890000,0.890000,0.702921,43365400
2010-06-25,0.890000,0.890000,0.870000,0.890000,0.702921,14964600
2010-06-28,0.890000,0.890000,0.880000,0.890000,0.702921,41309200
2010-06-29,0.890000,0.890000,0.860000,0.880000,0.695023,31396500
2010-06-30,0.880000,0.890000,0.870000,0.890000,0.702921,16512600
2010-07-02,0.890000,0.900000,0.880000,0.900000,0.710819,16553300
2010-07-05,0.900000,0.910000,0.890000,0.900000,0.710819,17578900
2010-07-06,0.890000,0.910000,0.890000,0.900000,0.710819,8509900
2010-07-07,0.900000,0.900000,0.880000,0.880000,0.695023,16063400
2010-07-08,0.880000,0.890000,0.860000,0.860000,0.679227,8759100
2010-07-09,0.870000,0.870000,0.860000,0.870000,0.687125,7088800
2010-07-12,0.880000,0.880000,0.850000,0.860000,0.679227,11518700
2010-07-13,0.870000,0.870000,0.820000,0.840000,0.663431,28089600
2010-07-14,0.840000,0.860000,0.820000,0.840000,0.663431,56924300
2010-07-15,0.840000,0.850000,0.830000,0.850000,0.671329,42782900
2010-07-16,0.840000,0.850000,0.830000,0.830000,0.655533,12477400
2010-07-19,0.830000,0.840000,0.800000,0.810000,0.639737,20211700
2010-07-20,0.810000,0.820000,0.790000,0.810000,0.639737,20557400
TWZ,3
2010-07-20,0.810000,0.820000,0.790000,0.810000,0.639737,20557400
2010-07-21,0.810000,0.820000,0.800000,0.810000,0.639737,16945000
2010-07-22,0.810000,0.820000,0.800000,0.800000,0.631839,17328100
2010-07-23,0.810000,0.820000,0.790000,0.800000,0.631839,26495900
2010-07-27,0.800000,0.810000,0.800000,0.800000,0.631839,13347000
2010-07-28,0.800000,0.830000,0.800000,0.800000,0.631839,85333600
2010-07-29,0.800000,0.810000,0.790000,0.800000,0.631839,28763400
2010-07-30,0.800000,0.810000,0.790000,0.800000,0.631839,20799700
2010-08-02,0.800000,0.810000,0.790000,0.800000,0.631839,9306000
2010-08-03,0.800000,0.810000,0.790000,0.810000,0.639737,7544900
2010-08-04,0.810000,0.820000,0.790000,0.800000,0.631839,73357000
2010-08-05,0.810000,0.850000,0.810000,0.830000,0.655533,368059500
2010-08-06,0.850000,0.880000,0.850000,0.870000,0.687125,469790300
2010-08-09,0.870000,0.900000,0.840000,0.840000,0.663431,345476200
2010-08-10,0.850000,0.850000,0.800000,0.810000,0.639737,125659900
2010-08-11,0.810000,0.830000,0.800000,0.810000,0.639737,73279400
2010-08-16,0.810000,0.820000,0.810000,0.810000,0.639737,20725200
2010-08-17,0.810000,0.840000,0.810000,0.820000,0.647635,98693300
2010-08-18,0.830000,0.840000,0.820000,0.820000,0.647635,55605500
2010-08-19,0.820000,0.830000,0.810000,0.820000,0.647635,62884800
2010-08-20,0.820000,0.850000,0.820000,0.830000,0.655533,148973700
2010-08-23,0.840000,0.860000,0.840000,0.840000,0.663431,125516900
2010-08-24,0.850000,0.880000,0.850000,0.880000,0.695023,273002700
2010-08-25,0.880000,0.940000,0.870000,0.890000,0.702921,583991300
2010-08-26,0.910000,0.920000,0.880000,0.900000,0.710819,158464600
2010-08-27,0.910000,0.930000,0.900000,0.920000,0.726615,221559200
2010-08-30,0.930000,0.940000,0.900000,0.900000,0.710819,234894200
TWZ,1
2010-08-30,0.930000,0.940000,0.900000,0.900000,0.710819,234894200
2010-08-31,0.910000,0.910000,0.850000,0.870000,0.687125,140853800
2010-09-01,0.870000,0.880000,0.850000,0.850000,0.671329,112200600
2010-09-02,0.850000,0.860000,0.840000,0.850000,0.671329,68148600
2010-09-03,0.850000,0.870000,0.840000,0.870000,0.687125,114720200
2010-09-06,0.870000,0.870000,0.840000,0.840000,0.663431,25018300
2010-09-07,0.850000,0.870000,0.840000,0.850000,0.671329,89637500
2010-09-08,0.840000,0.860000,0.830000,0.830000,0.655533,71751500
2010-09-09,0.830000,0.840000,0.790000,0.800000,0.631839,168683600
2010-09-10,0.810000,0.810000,0.780000,0.800000,0.631839,39993000
2010-09-13,0.800000,0.810000,0.790000,0.800000,0.631839,34075200
2010-09-14,0.800000,0.800000,0.760000,0.770000,0.608145,175706900
2010-09-15,0.770000,0.790000,0.770000,0.770000,0.608145,103675600
2010-09-16,0.780000,0.780000,0.760000,0.780000,0.616043,61987800
2010-09-17,0.760000,0.770000,0.740000,0.740000,0.584451,56179800
2010-09-20,0.740000,0.750000,0.710000,0.720000,0.568655,39859700
2010-09-21,0.720000,0.720000,0.680000,0.680000,0.537063,57065200
2010-09-22,0.680000,0.700000,0.670000,0.700000,0.552859,71619500
2010-09-23,0.680000,0.690000,0.670000,0.680000,0.537063,27186300
2010-09-24,0.680000,0.720000,0.680000,0.700000,0.552859,221052600
2010-09-27,0.710000,0.760000,0.710000,0.730000,0.576553,260412200
2010-09-28,0.730000,0.740000,0.700000,0.700000,0.552859,99319200
2010-09-29,0.710000,0.710000,0.690000,0.700000,0.552859,28410300
2010-09-30,0.700000,0.710000,0.690000,0.690000,0.544961,18003000
2010-10-01,0.700000,0.700000,0.690000,0.690000,0.544961,12085300
2010-10-04,0.690000,0.720000,0.680000,0.680000,0.537063,59250100
2010-10-05,0.690000,0.690000,0.670000,0.680000,0.537063,17816400
2010-10-06,0.690000,0.690000,0.680000,0.680000,0.537063,13372100
2010-10-07,0.680000,0.690000,0.670000,0.670000,0.529165,5978100
2010-10-08,0.670000,0.700000,0.670000,0.670000,0.529165,43166900
2010-10-11,0.670000,0.710000,0.650000,0.670000,0.529165,281774900
2010-10-12,0.670000,0.670000,0.620000,0.620000,0.489675,255143000
2010-10-13,0.630000,0.640000,0.590000,0.590000,0.465981,181049800
2010-10-14,0.590000,0.600000,0.580000,0.590000,0.465981,31305500
2010-10-15,0.590000,0.600000,0.580000,0.580000,0.458083,29208800
2010-10-18,0.580000,0.580000,0.520000,0.520000,0.410696,83080600
2010-10-19,0.520000,0.550000,0.510000,0.540000,0.426492,45821400
2010-10-20,0.530000,0.550000,0.530000,0.540000,0.426492,8037800
2010-10-21,0.540000,0.550000,0.540000,0.540000,0.426492,13970700
2010-10-22,0.540000,0.570000,0.520000,0.520000,0.410696,119162900
2010-10-26,0.520000,0.530000,0.520000,0.520000,0.410696,10781800
2010-10-27,0.530000,0.540000,0.520000,0.530000,0.418593,16241600
2010-10-28,0.530000,0.540000,0.520000,0.520000,0.410696,11912900
2010-10-29,0.520000,0.530000,0.510000,0.520000,0.410696,13320500
2010-11-01,0.520000,0.520000,0.490000,0.490000,0.387002,36041800
2010-11-02,0.500000,0.500000,0.480000,0.480000,0.379104,17645300
2010-11-03,0.480000,0.500000,0.480000,0.490000,0.387002,15708300
2010-11-04,0.490000,0.500000,0.480000,0.480000,0.379104,7779100
2010-11-05,0.490000,0.500000,0.470000,0.470000,0.371206,20000500
2010-11-08,0.470000,0.480000,0.460000,0.470000,0.371206,20151600
2010-11-09,0.460000,0.470000,0.450000,0.460000,0.363308,17931200
2010-11-10,0.460000,0.470000,0.450000,0.450000,0.355410,10564200
2010-11-11,0.450000,0.460000,0.440000,0.440000,0.347512,15974900
2010-11-12,0.440000,0.460000,0.430000,0.460000,0.363308,45519900
TWZ,4
2010-11-12,0.440000,0.460000,0.430000,0.460000,0.363308,45519900
2010-11-15,0.470000,0.520000,0.460000,0.520000,0.410696,129441800
2010-11-16,0.520000,0.540000,0.510000,0.540000,0.426492,178290700
2010-11-17,0.540000,0.540000,0.510000,0.520000,0.410696,28905200
2010-11-18,0.520000,0.550000,0.510000,0.550000,0.434389,114383000
2010-11-19,0.560000,0.590000,0.550000,0.550000,0.434389,165738400
2010-11-22,0.560000,0.560000,0.530000,0.540000,0.426492,29790600
2010-11-23,0.540000,0.550000,0.520000,0.520000,0.410696,19755300
2010-11-24,0.520000,0.540000,0.520000,0.520000,0.410696,17912700
2010-11-25,0.530000,0.530000,0.520000,0.520000,0.410696,9295600
2010-11-26,0.530000,0.550000,0.520000,0.530000,0.418593,38314600
2010-11-29,0.530000,0.560000,0.530000,0.550000,0.434389,21386100
2010-11-30,0.550000,0.600000,0.550000,0.570000,0.450186,184020500
2010-12-01,0.570000,0.610000,0.570000,0.570000,0.450186,220621400
TWZ,1
2010-12-01,0.570000,0.610000,0.570000,0.570000,0.450186,220621400
2010-12-02,0.580000,0.590000,0.560000,0.560000,0.442287,31822400
2010-12-03,0.570000,0.570000,0.550000,0.560000,0.442287,9129200
2010-12-07,0.560000,0.570000,0.550000,0.560000,0.442287,10911200
2010-12-08,0.560000,0.560000,0.540000,0.550000,0.434389,10421500
2010-12-09,0.550000,0.560000,0.550000,0.550000,0.434389,8355600
2010-12-13,0.550000,0.570000,0.510000,0.530000,0.418593,87464100
2010-12-14,0.520000,0.540000,0.500000,0.500000,0.394900,107168400
2010-12-15,0.500000,0.510000,0.470000,0.470000,0.371206,119136400
2010-12-16,0.480000,0.480000,0.470000,0.470000,0.371206,15945300
2010-12-17,0.480000,0.490000,0.470000,0.480000,0.379104,21027400
2010-12-20,0.480000,0.490000,0.470000,0.480000,0.379104,10438400
2010-12-21,0.490000,0.490000,0.470000,0.470000,0.371206,4914100
2010-12-22,0.480000,0.490000,0.470000,0.490000,0.387002,4363000
2010-12-23,0.480000,0.490000,0.480000,0.480000,0.379104,2787300
2010-12-24,0.480000,0.490000,0.480000,0.480000,0.379104,4732500
2010-12-27,0.480000,0.500000,0.480000,0.490000,0.387002,17848400
2010-12-28,0.500000,0.500000,0.490000,0.490000,0.387002,5819400
2010-12-29,0.490000,0.500000,0.480000,0.480000,0.379104,4533400
2010-12-30,0.490000,0.500000,0.480000,0.490000,0.387002,3857000
2011-01-04,0.490000,0.500000,0.490000,0.490000,0.387002,3951000
2011-01-05,0.490000,0.510000,0.480000,0.480000,0.379104,99261700
2011-01-06,0.490000,0.490000,0.470000,0.470000,0.371206,28671200
2011-01-07,0.470000,0.480000,0.460000,0.460000,0.363308,15466200
2011-01-10,0.460000,0.470000,0.450000,0.460000,0.363308,12512900
2011-01-11,0.450000,0.460000,0.450000,0.460000,0.363308,11890900
2011-01-12,0.460000,0.460000,0.450000,0.450000,0.355410,11990300
2011-01-13,0.450000,0.460000,0.450000,0.460000,0.363308,12765100
2011-01-14,0.450000,0.460000,0.450000,0.450000,0.355410,10363400
2011-01-17,0.450000,0.460000,0.450000,0.450000,0.355410,3240200
2011-01-18,0.450000,0.460000,0.440000,0.450000,0.355410,4176600
2011-01-19,0.450000,0.460000,0.450000,0.450000,0.355410,4708700
2011-01-20,0.450000,0.450000,0.440000,0.450000,0.355410,5529600
2011-01-21,0.440000,0.450000,0.440000,0.440000,0.347512,9069600
2011-01-24,0.440000,0.440000,0.410000,0.410000,0.323818,21398200
2011-01-25,0.410000,0.420000,0.390000,0.390000,0.308022,16078600
2011-01-26,0.400000,0.420000,0.390000,0.410000,0.323818,14549000
2011-01-27,0.420000,0.420000,0.410000,0.410000,0.323818,2878800
2011-01-28,0.410000,0.430000,0.400000,0.430000,0.339614,16809800
2011-01-31,0.420000,0.420000,0.410000,0.410000,0.323818,5129200
2011-02-01,0.410000,0.410000,0.400000,0.400000,0.315920,9403800
2011-02-02,0.400000,0.410000,0.400000,0.400000,0.315920,5742400
2011-02-03,0.400000,0.420000,0.400000,0.410000,0.323818,6900600
2011-02-04,0.410000,0.420000,0.400000,0.400000,0.315920,21732500
2011-02-07,0.400000,0.400000,0.400000,0.400000,0.315920,5410200
2011-02-08,0.400000,0.400000,0.390000,0.400000,0.315920,13220400
2011-02-09,0.400000,0.410000,0.390000,0.390000,0.308022,7029400
2011-02-10,0.390000,0.400000,0.380000,0.390000,0.308022,7783100
2011-02-11,0.390000,0.400000,0.390000,0.390000,0.308022,3354600
2011-02-14,0.400000,0.400000,0.390000,0.400000,0.315920,7466500
2011-02-15,0.400000,0.400000,0.390000,0.400000,0.315920,2473200
2011-02-16,0.400000,0.400000,0.390000,0.390000,0.308022,11438700
2011-02-17,0.390000,0.400000,0.390000,0.390000,0.308022,7952200
2011-02-18,0.390000,0.390000,0.390000,0.390000,0.308022,0
2011-02-21,0.390000,0.400000,0.380000,0.390000,0.308022,3517200
2011-02-22,0.390000,0.400000,0.380000,0.390000,0.308022,4195700
2011-02-23,0.390000,0.400000,0.390000,0.390000,0.308022,3032500
2011-02-24,0.390000,0.390000,0.380000,0.380000,0.300124,6316400
2011-02-25,0.380000,0.390000,0.380000,0.380000,0.300124,4317500
2011-02-28,0.380000,0.390000,0.380000,0.380000,0.300124,3305000
2011-03-01,0.390000,0.390000,0.380000,0.380000,0.300124,6758000
2011-03-02,0.390000,0.390000,0.370000,0.380000,0.300124,5990600
2011-03-03,0.380000,0.390000,0.380000,0.390000,0.308022,2780700
2011-03-04,0.380000,0.390000,0.380000,0.380000,0.300124,7421500
2011-03-07,0.390000,0.390000,0.380000,0.380000,0.300124,2140400
2011-03-08,0.390000,0.410000,0.380000,0.390000,0.308022,35558200
2011-03-09,0.390000,0.400000,0.390000,0.400000,0.315920,4985500
2011-03-10,0.400000,0.400000,0.390000,0.400000,0.315920,3879500
2011-03-11,0.400000,0.400000,0.390000,0.390000,0.308022,39305200
2011-03-14,0.390000,0.400000,0.390000,0.390000,0.308022,1251900
2011-03-15,0.390000,0.400000,0.380000,0.400000,0.315920,14576900
2011-03-16,0.400000,0.410000,0.390000,0.400000,0.315920,14734200
2011-03-17,0.400000,0.410000,0.390000,0.390000,0.308022,18850800
2011-03-21,0.400000,0.400000,0.390000,0.400000,0.315920,12070200
2011-03-22,0.380000,0.390000,0.380000,0.390000,0.321501,7848800
2011-03-23,0.390000,0.390000,0.390000,0.390000,0.321501,6713600
2011-03-24,0.390000,0.390000,0.370000,0.380000,0.313258,39749000
TWZ,3
2011-03-24,0.390000,0.390000,0.370000,0.380000,0.313258,39749000
2011-03-25,0.380000,0.390000,0.370000,0.370000,0.305014,10800600
2011-03-28,0.380000,0.390000,0.370000,0.380000,0.313258,10655100
2011-03-29,0.380000,0.390000,0.380000,0.380000,0.313258,3525200
2011-03-30,0.390000,0.390000,0.380000,0.380000,0.313258,2912700
2011-03-31,0.380000,0.390000,0.380000,0.380000,0.313258,14706300
2011-04-01,0.390000,0.390000,0.380000,0.380000,0.313258,21879000
2011-04-04,0.380000,0.390000,0.380000,0.380000,0.313258,43775600
2011-04-05,0.390000,0.390000,0.380000,0.380000,0.313258,5319700
2011-04-07,0.380000,0.390000,0.380000,0.380000,0.313258,10399400
2011-04-08,0.380000,0.390000,0.380000,0.380000,0.313258,5720800
2011-04-11,0.390000,0.390000,0.380000,0.380000,0.313258,3442500
2011-04-12,0.380000,0.390000,0.380000,0.380000,0.313258,3313400
2011-04-18,0.380000,0.400000,0.380000,0.390000,0.321501,33052100
2011-04-19,0.400000,0.420000,0.390000,0.410000,0.337989,96565900
2011-04-20,0.420000,0.470000,0.410000,0.450000,0.370963,235021200
2011-04-21,0.470000,0.480000,0.450000,0.450000,0.370963,126558400
2011-04-22,0.460000,0.470000,0.430000,0.430000,0.354476,67416900
2011-04-25,0.440000,0.450000,0.430000,0.440000,0.362720,53871300
2011-04-26,0.450000,0.450000,0.430000,0.430000,0.354476,45893200
2011-04-27,0.430000,0.440000,0.430000,0.430000,0.354476,49962500
2011-04-28,0.440000,0.440000,0.420000,0.420000,0.346232,20432600
2011-04-29,0.420000,0.430000,0.410000,0.420000,0.346232,12084700
2011-05-03,0.420000,0.420000,0.390000,0.400000,0.329745,34133400
2011-05-04,0.390000,0.410000,0.390000,0.400000,0.329745,10368500
2011-05-06,0.400000,0.410000,0.390000,0.400000,0.329745,15031700
2011-05-09,0.400000,0.410000,0.400000,0.410000,0.337989,5017000
2011-05-10,0.410000,0.410000,0.400000,0.400000,0.329745,7964600
2011-05-11,0.410000,0.420000,0.400000,0.410000,0.337989,13411600
2011-05-12,0.410000,0.420000,0.410000,0.410000,0.337989,6002700
2011-05-13,0.410000,0.420000,0.410000,0.410000,0.337989,6234900
2011-05-18,0.410000,0.410000,0.400000,0.400000,0.329745,6276900
2011-05-19,0.400000,0.410000,0.400000,0.400000,0.329745,11928900
2011-05-20,0.400000,0.420000,0.400000,0.410000,0.337989,14033500
2011-05-23,0.410000,0.420000,0.410000,0.410000,0.337989,13411200
2011-05-24,0.410000,0.410000,0.400000,0.410000,0.337989,7757400
2011-05-25,0.410000,0.410000,0.400000,0.400000,0.329745,9463600
2011-05-26,0.410000,0.410000,0.390000,0.390000,0.321501,5645400
2011-05-27,0.390000,0.410000,0.390000,0.400000,0.329745,7053700
2011-05-30,0.400000,0.400000,0.390000,0.390000,0.321501,3137400
2011-05-31,0.400000,0.400000,0.390000,0.400000,0.329745,2278300
2011-06-01,0.400000,0.410000,0.390000,0.390000,0.321501,8473200
2011-06-02,0.390000,0.410000,0.390000,0.400000,0.329745,7994500
2011-06-03,0.400000,0.400000,0.390000,0.400000,0.329745,2442000
2011-06-06,0.400000,0.400000,0.390000,0.390000,0.321501,21954900
2011-06-07,0.390000,0.400000,0.380000,0.380000,0.313258,7487700
2011-06-08,0.380000,0.390000,0.370000,0.380000,0.313258,11593300
2011-06-09,0.380000,0.380000,0.370000,0.380000,0.313258,8112900
2011-06-10,0.380000,0.390000,0.370000,0.380000,0.313258,4596800
2011-06-13,0.380000,0.380000,0.370000,0.370000,0.305014,9661300
2011-06-14,0.370000,0.380000,0.370000,0.370000,0.305014,1818700
2011-06-15,0.380000,0.380000,0.370000,0.380000,0.313258,5492900
2011-06-16,0.370000,0.380000,0.370000,0.370000,0.305014,7266200
2011-06-17,0.380000,0.380000,0.370000,0.370000,0.305014,7259800
2011-06-20,0.380000,0.380000,0.370000,0.370000,0.305014,2925600
2011-06-21,0.370000,0.380000,0.370000,0.370000,0.305014,2751600
2011-06-22,0.370000,0.380000,0.370000,0.370000,0.305014,4532900
2011-06-23,0.370000,0.400000,0.370000,0.380000,0.313258,39368000
2011-06-24,0.380000,0.390000,0.370000,0.370000,0.305014,11076000
2011-06-27,0.380000,0.380000,0.360000,0.360000,0.296771,27983800
2011-06-28,0.360000,0.380000,0.360000,0.360000,0.296771,17469200
2011-06-29,0.370000,0.380000,0.370000,0.370000,0.305014,9733100
2011-06-30,0.370000,0.400000,0.370000,0.380000,0.313258,40136700
2011-07-04,0.400000,0.430000,0.400000,0.410000,0.337989,109165900
2011-07-05,0.420000,0.420000,0.400000,0.400000,0.329745,37665700
2011-07-06,0.400000,0.410000,0.390000,0.390000,0.321501,17965300
2011-07-07,0.390000,0.410000,0.390000,0.400000,0.329745,19467700
2011-07-08,0.400000,0.410000,0.390000,0.400000,0.329745,6100600
2011-07-11,0.400000,0.410000,0.400000,0.400000,0.329745,9433900
2011-07-12,0.400000,0.400000,0.390000,0.390000,0.321501,7228500
2011-07-13,0.390000,0.410000,0.390000,0.400000,0.329745,8149200
2011-07-14,0.400000,0.410000,0.400000,0.400000,0.329745,7829400
2011-07-18,0.400000,0.410000,0.400000,0.400000,0.329745,7345500
2011-07-19,0.400000,0.410000,0.390000,0.410000,0.337989,15755100
2011-07-20,0.410000,0.410000,0.400000,0.400000,0.329745,14099500
2011-07-21,0.400000,0.410000,0.400000,0.400000,0.329745,6143400
2011-07-22,0.410000,0.410000,0.400000,0.400000,0.329745,3934200
2011-07-25,0.400000,0.410000,0.400000,0.400000,0.329745,8716400
2011-07-26,0.400000,0.410000,0.390000,0.390000,0.321501,5372100
2011-07-27,0.400000,0.410000,0.390000,0.400000,0.329745,9567600
2011-07-28,0.400000,0.410000,0.400000,0.400000,0.329745,5999000
2011-07-29,0.400000,0.430000,0.400000,0.410000,0.337989,125474400
2011-08-01,0.420000,0.430000,0.410000,0.410000,0.337989,13150700
2011-08-02,0.410000,0.460000,0.410000,0.460000,0.379207,263085800
2011-08-03,0.460000,0.490000,0.460000,0.470000,0.387450,357828800
TWZ,1
2011-08-03,0.460000,0.490000,0.460000,0.470000,0.387450,357828800
2011-08-04,0.480000,0.490000,0.460000,0.460000,0.379207,123327900
2011-08-05,0.440000,0.450000,0.430000,0.440000,0.362720,86536500
2011-08-08,0.430000,0.450000,0.430000,0.440000,0.362720,40437100
2011-08-09,0.430000,0.440000,0.410000,0.410000,0.337989,53693200
2011-08-10,0.430000,0.430000,0.410000,0.410000,0.337989,48369000
2011-08-11,0.420000,0.430000,0.420000,0.420000,0.346232,38809500
2011-08-15,0.420000,0.430000,0.410000,0.420000,0.346232,29095000
2011-08-16,0.420000,0.430000,0.410000,0.410000,0.337989,18749700
2011-08-17,0.410000,0.440000,0.410000,0.430000,0.354476,40598300
2011-08-18,0.430000,0.440000,0.420000,0.420000,0.346232,22183100
2011-08-19,0.420000,0.460000,0.410000,0.450000,0.370963,190183600
2011-08-22,0.460000,0.460000,0.390000,0.400000,0.329745,258430800
2011-08-23,0.410000,0.420000,0.370000,0.380000,0.313258,224786200
2011-08-24,0.380000,0.390000,0.370000,0.370000,0.305014,43757700
2011-08-25,0.380000,0.380000,0.320000,0.330000,0.272040,133118100
2011-08-26,0.320000,0.340000,0.310000,0.330000,0.272040,46388600
2011-08-29,0.340000,0.340000,0.330000,0.330000,0.272040,13842300
2011-08-30,0.340000,0.350000,0.330000,0.330000,0.272040,34720900
2011-08-31,0.330000,0.340000,0.330000,0.340000,0.280283,10217200
2011-09-01,0.340000,0.350000,0.330000,0.330000,0.272040,8830500
2011-09-02,0.340000,0.350000,0.330000,0.340000,0.280283,9470300
2011-09-05,0.340000,0.350000,0.330000,0.340000,0.280283,10438100
2011-09-06,0.340000,0.350000,0.330000,0.340000,0.280283,9354600
2011-09-07,0.340000,0.360000,0.340000,0.360000,0.296771,36994000
2011-09-08,0.360000,0.360000,0.330000,0.340000,0.280283,82576200
2011-09-09,0.340000,0.350000,0.330000,0.330000,0.272040,12193400
2011-09-12,0.340000,0.340000,0.330000,0.330000,0.272040,6805200
2011-09-13,0.330000,0.340000,0.320000,0.320000,0.263796,16536500
2011-09-14,0.330000,0.330000,0.320000,0.320000,0.263796,7231300
2011-09-15,0.330000,0.330000,0.320000,0.330000,0.272040,5517100
2011-09-16,0.330000,0.340000,0.320000,0.330000,0.272040,12289000
2011-09-19,0.330000,0.330000,0.320000,0.320000,0.263796,2316600
2011-09-20,0.320000,0.330000,0.310000,0.320000,0.263796,17037500
2011-09-21,0.320000,0.330000,0.310000,0.320000,0.263796,3051800
2011-09-22,0.320000,0.320000,0.290000,0.290000,0.239065,31426900
2011-09-23,0.280000,0.290000,0.270000,0.280000,0.230822,46684700
2011-09-26,0.280000,0.280000,0.240000,0.260000,0.214334,35279300
2011-09-27,0.260000,0.270000,0.250000,0.270000,0.222578,11586100
2011-09-28,0.270000,0.280000,0.250000,0.270000,0.222578,45859500
2011-09-29,0.260000,0.280000,0.260000,0.270000,0.222578,9671400
2011-09-30,0.270000,0.290000,0.260000,0.270000,0.222578,25922000
2011-10-03,0.270000,0.270000,0.230000,0.230000,0.189603,51522700
2011-10-04,0.230000,0.250000,0.220000,0.240000,0.197847,25541600
TWZ,1
2011-10-04,0.230000,0.250000,0.220000,0.240000,0.197847,25541600
2011-10-05,0.240000,0.250000,0.230000,0.240000,0.197847,12126900
2011-10-06,0.240000,0.260000,0.240000,0.250000,0.206091,19163400
2011-10-07,0.260000,0.260000,0.240000,0.250000,0.206091,8434000
2011-10-10,0.240000,0.250000,0.240000,0.240000,0.197847,5047200
2011-10-11,0.250000,0.260000,0.250000,0.250000,0.206091,13157700
2011-10-12,0.250000,0.260000,0.240000,0.260000,0.214334,1531800
2011-10-13,0.250000,0.260000,0.250000,0.250000,0.206091,5937300
2011-10-14,0.250000,0.260000,0.250000,0.260000,0.214334,638700
2011-10-17,0.260000,0.270000,0.260000,0.260000,0.214334,20959800
2011-10-18,0.260000,0.260000,0.250000,0.250000,0.206091,2310900
2011-10-19,0.250000,0.260000,0.240000,0.250000,0.206091,7160200
2011-10-20,0.250000,0.250000,0.230000,0.240000,0.197847,6231700
2011-10-21,0.230000,0.250000,0.230000,0.240000,0.197847,887100
2011-10-25,0.240000,0.250000,0.240000,0.250000,0.206091,1701500
2011-10-26,0.240000,0.250000,0.240000,0.240000,0.197847,2042800
2011-10-27,0.240000,0.250000,0.240000,0.250000,0.206091,2157700
2011-10-28,0.250000,0.260000,0.250000,0.250000,0.206091,14625000
2011-10-31,0.250000,0.260000,0.250000,0.250000,0.206091,914300
2011-11-01,0.250000,0.260000,0.250000,0.250000,0.206091,5833200
2011-11-02,0.250000,0.260000,0.250000,0.250000,0.206091,5371500
2011-11-03,0.260000,0.260000,0.250000,0.260000,0.214334,3985300
2011-11-04,0.260000,0.260000,0.250000,0.250000,0.206091,4546800
2011-11-07,0.250000,0.260000,0.250000,0.250000,0.206091,1087600
2011-11-08,0.260000,0.260000,0.250000,0.260000,0.214334,1653800
2011-11-09,0.250000,0.270000,0.240000,0.250000,0.206091,47207000
2011-11-10,0.250000,0.260000,0.240000,0.260000,0.214334,10417500
2011-11-11,0.250000,0.260000,0.250000,0.250000,0.206091,784300
2011-11-14,0.260000,0.260000,0.250000,0.250000,0.206091,1103500
2011-11-15,0.250000,0.260000,0.250000,0.250000,0.206091,2884000
2011-11-16,0.260000,0.260000,0.250000,0.250000,0.206091,3364500
2011-11-17,0.250000,0.270000,0.250000,0.270000,0.222578,32743000
2011-11-18,0.260000,0.270000,0.260000,0.260000,0.214334,2766400
2011-11-21,0.260000,0.270000,0.250000,0.260000,0.214334,6987600
2011-11-22,0.260000,0.260000,0.250000,0.260000,0.214334,7481000
2011-11-23,0.260000,0.260000,0.250000,0.260000,0.214334,1109400
2011-11-24,0.260000,0.260000,0.250000,0.260000,0.214334,13085100
2011-11-25,0.260000,0.270000,0.250000,0.260000,0.214334,4623500
2011-11-28,0.260000,0.260000,0.260000,0.260000,0.214334,1785000
2011-11-29,0.260000,0.270000,0.250000,0.270000,0.222578,1402600
2011-11-30,0.270000,0.270000,0.260000,0.270000,0.222578,7810000
2011-12-01,0.270000,0.270000,0.260000,0.270000,0.222578,752700
2011-12-02,0.270000,0.270000,0.260000,0.270000,0.222578,9192800
2011-12-06,0.260000,0.270000,0.260000,0.270000,0.222578,1541700
2011-12-07,0.260000,0.270000,0.260000,0.260000,0.214334,5299900
2011-12-08,0.260000,0.270000,0.260000,0.270000,0.222578,12130200
2011-12-09,0.270000,0.290000,0.270000,0.270000,0.222578,36559900
2011-12-13,0.280000,0.280000,0.270000,0.270000,0.222578,4495900
2011-12-14,0.270000,0.280000,0.260000,0.270000,0.222578,14701100
2011-12-15,0.260000,0.270000,0.260000,0.270000,0.222578,3922000
2011-12-16,0.270000,0.270000,0.270000,0.270000,0.222578,7562800
2011-12-19,0.270000,0.270000,0.270000,0.270000,0.222578,3726100
2011-12-20,0.270000,0.280000,0.270000,0.270000,0.222578,3962200
2011-12-21,0.270000,0.280000,0.260000,0.270000,0.222578,4261500
2011-12-22,0.270000,0.280000,0.270000,0.270000,0.222578,4504300
2011-12-23,0.270000,0.280000,0.270000,0.280000,0.230822,2185100
2011-12-26,0.280000,0.310000,0.280000,0.290000,0.239065,91969900
2011-12-27,0.290000,0.290000,0.280000,0.280000,0.230822,7466000
2011-12-28,0.280000,0.290000,0.270000,0.280000,0.230822,8433000
2011-12-29,0.280000,0.290000,0.280000,0.280000,0.230822,7277200
2011-12-30,0.280000,0.280000,0.270000,0.280000,0.230822,3278500
2012-01-04,0.280000,0.290000,0.270000,0.280000,0.230822,6124800
2012-01-05,0.280000,0.280000,0.280000,0.280000,0.230822,2843000
2012-01-06,0.280000,0.280000,0.280000,0.280000,0.230822,1791300
2012-01-09,0.290000,0.290000,0.280000,0.280000,0.230822,2768300
2012-01-10,0.280000,0.290000,0.280000,0.280000,0.230822,4569900
2012-01-11,0.280000,0.290000,0.270000,0.270000,0.222578,3667300
2012-01-12,0.280000,0.290000,0.270000,0.270000,0.222578,8187300
2012-01-13,0.280000,0.300000,0.280000,0.290000,0.239065,59774700
2012-01-16,0.290000,0.300000,0.280000,0.290000,0.239065,3589400
2012-01-17,0.290000,0.310000,0.290000,0.290000,0.239065,16861600
2012-01-18,0.300000,0.300000,0.290000,0.290000,0.239065,4981400
2012-01-19,0.290000,0.300000,0.290000,0.290000,0.239065,7718300
2012-01-20,0.300000,0.300000,0.290000,0.290000,0.239065,4823200
2012-01-23,0.300000,0.300000,0.290000,0.290000,0.239065,2717200
2012-01-24,0.290000,0.300000,0.280000,0.280000,0.230822,2933600
2012-01-25,0.290000,0.290000,0.280000,0.280000,0.230822,3581700
2012-01-26,0.280000,0.290000,0.280000,0.290000,0.239065,1962600
2012-01-27,0.290000,0.290000,0.280000,0.290000,0.239065,4234000
2012-01-30,0.300000,0.300000,0.280000,0.290000,0.239065,3828700
2012-01-31,0.290000,0.310000,0.290000,0.290000,0.239065,15197300
2012-02-01,0.300000,0.310000,0.290000,0.300000,0.247309,25410600
2012-02-02,0.310000,0.320000,0.300000,0.310000,0.255552,24852900
2012-02-03,0.310000,0.320000,0.300000,0.310000,0.255552,13094200
2012-02-06,0.310000,0.320000,0.300000,0.310000,0.255552,17001200
2012-02-07,0.320000,0.330000,0.310000,0.320000,0.263796,63825000
2012-02-08,0.320000,0.320000,0.310000,0.310000,0.255552,24615400
2012-02-09,0.320000,0.320000,0.310000,0.310000,0.255552,4093200
2012-02-10,0.310000,0.330000,0.310000,0.320000,0.263796,24375400
2012-02-13,0.320000,0.330000,0.320000,0.320000,0.263796,9237900
2012-02-14,0.320000,0.330000,0.310000,0.320000,0.263796,21362500
2012-02-15,0.330000,0.340000,0.320000,0.330000,0.272040,62431300
2012-02-16,0.340000,0.340000,0.320000,0.330000,0.272040,11649900
2012-02-17,0.330000,0.340000,0.320000,0.330000,0.272040,22605300
2012-02-20,0.330000,0.350000,0.330000,0.330000,0.272040,47167800
2012-02-21,0.340000,0.350000,0.330000,0.340000,0.280283,11563300
2012-02-22,0.350000,0.350000,0.340000,0.340000,0.280283,21732800
2012-02-23,0.340000,0.350000,0.330000,0.340000,0.280283,10866100
2012-02-24,0.340000,0.340000,0.330000,0.340000,0.280283,18876400
2012-02-27,0.340000,0.360000,0.340000,0.350000,0.288527,33747200
2012-02-28,0.350000,0.360000,0.350000,0.350000,0.288527,15972100
2012-02-29,0.350000,0.360000,0.350000,0.350000,0.288527,25265200
2012-03-01,0.350000,0.370000,0.350000,0.360000,0.296771,34522200
2012-03-02,0.360000,0.390000,0.360000,0.390000,0.321501,114635300
2012-03-05,0.390000,0.400000,0.380000,0.380000,0.313258,32175500
2012-03-06,0.380000,0.390000,0.380000,0.380000,0.313258,9570900
2012-03-08,0.380000,0.410000,0.380000,0.400000,0.329745,103337500
TWZ,3
2012-03-08,0.380000,0.410000,0.380000,0.400000,0.329745,103337500
2012-03-09,0.400000,0.400000,0.380000,0.380000,0.313258,104188000
2012-03-12,0.380000,0.390000,0.370000,0.380000,0.313258,16036900
2012-03-13,0.370000,0.380000,0.370000,0.370000,0.305014,6148800
2012-03-14,0.370000,0.380000,0.370000,0.370000,0.305014,2849600
2012-03-15,0.370000,0.380000,0.370000,0.370000,0.305014,6334300
2012-03-16,0.370000,0.380000,0.370000,0.370000,0.305014,8718800
2012-03-19,0.370000,0.380000,0.370000,0.380000,0.313258,6762300
2012-03-20,0.370000,0.380000,0.370000,0.370000,0.305014,12662900
2012-03-21,0.370000,0.380000,0.370000,0.370000,0.309016,6111000
2012-03-22,0.370000,0.380000,0.370000,0.370000,0.309016,5161900
2012-03-23,0.370000,0.380000,0.370000,0.380000,0.317368,14732800
2012-03-26,0.380000,0.380000,0.370000,0.370000,0.309016,3126800
2012-03-27,0.370000,0.380000,0.370000,0.370000,0.309016,810900
2012-03-28,0.370000,0.380000,0.360000,0.360000,0.300665,20619600
2012-03-29,0.360000,0.360000,0.350000,0.350000,0.292313,10222500
2012-03-30,0.360000,0.370000,0.350000,0.370000,0.309016,35905800
2012-04-02,0.360000,0.370000,0.360000,0.370000,0.309016,3760100
2012-04-03,0.360000,0.360000,0.360000,0.360000,0.300665,1348700
2012-04-04,0.370000,0.390000,0.340000,0.380000,0.317368,97023400
2012-04-05,0.370000,0.390000,0.370000,0.380000,0.317368,24962600
2012-04-10,0.370000,0.390000,0.370000,0.370000,0.309016,53013900
2012-04-11,0.380000,0.380000,0.370000,0.370000,0.309016,1342200
2012-04-12,0.380000,0.390000,0.380000,0.380000,0.317368,6290800
2012-04-17,0.380000,0.390000,0.380000,0.380000,0.317368,14446100
2012-04-18,0.390000,0.400000,0.390000,0.390000,0.325720,39895600
2012-04-19,0.400000,0.400000,0.390000,0.390000,0.325720,8554200
2012-04-20,0.390000,0.400000,0.380000,0.390000,0.325720,8986400
2012-04-23,0.400000,0.400000,0.390000,0.390000,0.325720,46873900
2012-04-24,0.390000,0.400000,0.390000,0.390000,0.325720,1768200
2012-04-25,0.400000,0.400000,0.390000,0.390000,0.325720,2408400
2012-04-26,0.400000,0.400000,0.390000,0.400000,0.334072,4728600
2012-04-27,0.390000,0.400000,0.390000,0.400000,0.334072,6942700
2012-04-30,0.390000,0.390000,0.380000,0.390000,0.325720,22452900
2012-05-02,0.390000,0.390000,0.370000,0.380000,0.317368,8141900
2012-05-03,0.380000,0.380000,0.370000,0.370000,0.309016,3788200
2012-05-04,0.370000,0.370000,0.360000,0.370000,0.309016,5042900
2012-05-08,0.360000,0.380000,0.360000,0.380000,0.317368,10100100
2012-05-09,0.380000,0.380000,0.370000,0.370000,0.309016,4316500
2012-05-10,0.370000,0.380000,0.360000,0.370000,0.309016,22079100
2012-05-11,0.370000,0.380000,0.370000,0.370000,0.309016,7227200
2012-05-14,0.370000,0.390000,0.360000,0.370000,0.309016,63173000
2012-05-15,0.370000,0.380000,0.360000,0.370000,0.309016,9720400
2012-05-16,0.380000,0.380000,0.340000,0.340000,0.283961,46451900
2012-05-17,0.350000,0.350000,0.340000,0.340000,0.283961,4239800
2012-05-18,0.340000,0.360000,0.340000,0.350000,0.292313,17699300
2012-05-21,0.350000,0.360000,0.350000,0.350000,0.292313,3429400
2012-05-22,0.350000,0.360000,0.350000,0.350000,0.292313,5542400
2012-05-23,0.350000,0.350000,0.340000,0.340000,0.283961,8239700
2012-05-24,0.340000,0.360000,0.340000,0.340000,0.283961,14231200
2012-05-25,0.360000,0.360000,0.350000,0.350000,0.292313,7519000
2012-05-28,0.340000,0.370000,0.340000,0.360000,0.300665,40463200
2012-05-29,0.370000,0.380000,0.360000,0.370000,0.309016,26452800
2012-05-30,0.370000,0.380000,0.360000,0.360000,0.300665,20093400
2012-05-31,0.360000,0.380000,0.360000,0.360000,0.300665,12723900
2012-06-01,0.360000,0.360000,0.350000,0.350000,0.292313,9246500
2012-06-05,0.360000,0.360000,0.350000,0.360000,0.300665,2324600
2012-06-06,0.360000,0.370000,0.340000,0.350000,0.292313,13420600
2012-06-07,0.350000,0.350000,0.340000,0.340000,0.283961,5042400
2012-06-08,0.340000,0.350000,0.340000,0.350000,0.292313,1809600
2012-06-11,0.360000,0.370000,0.340000,0.360000,0.300665,27948200
2012-06-12,0.350000,0.360000,0.350000,0.360000,0.300665,1209400
2012-06-13,0.360000,0.360000,0.350000,0.360000,0.300665,1137300
2012-06-14,0.360000,0.360000,0.350000,0.360000,0.300665,1552400
2012-06-15,0.360000,0.360000,0.350000,0.350000,0.292313,754800
2012-06-18,0.350000,0.360000,0.350000,0.350000,0.292313,703500
2012-06-19,0.360000,0.380000,0.340000,0.350000,0.292313,56375200
2012-06-20,0.340000,0.350000,0.330000,0.340000,0.283961,42785700
2012-06-21,0.340000,0.350000,0.340000,0.340000,0.283961,5105400
2012-06-22,0.340000,0.350000,0.330000,0.340000,0.283961,2757800
2012-06-25,0.350000,0.350000,0.340000,0.340000,0.283961,1817000
2012-06-26,0.340000,0.350000,0.340000,0.340000,0.283961,2044100
2012-06-27,0.340000,0.350000,0.340000,0.340000,0.283961,3796300
2012-06-28,0.350000,0.350000,0.330000,0.340000,0.283961,32320100
2012-06-29,0.340000,0.340000,0.330000,0.340000,0.283961,2856100
2012-07-02,0.340000,0.350000,0.340000,0.340000,0.283961,3159000
2012-07-03,0.330000,0.330000,0.310000,0.320000,0.267257,67708600
2012-07-04,0.320000,0.330000,0.320000,0.320000,0.267257,4213300
2012-07-05,0.330000,0.330000,0.310000,0.320000,0.267257,2475000
2012-07-06,0.320000,0.330000,0.310000,0.330000,0.275609,14328300
2012-07-09,0.320000,0.330000,0.320000,0.330000,0.275609,9376700
2012-07-10,0.330000,0.340000,0.330000,0.330000,0.275609,1477700
2012-07-11,0.330000,0.340000,0.330000,0.330000,0.275609,4298200
2012-07-12,0.330000,0.340000,0.330000,0.330000,0.275609,4070100
2012-07-13,0.330000,0.350000,0.330000,0.330000,0.275609,30243100
2012-07-16,0.340000,0.340000,0.330000,0.330000,0.275609,6124500
2012-07-17,0.330000,0.350000,0.330000,0.330000,0.275609,7589200
2012-07-18,0.330000,0.340000,0.330000,0.340000,0.283961,249500
2012-07-19,0.330000,0.340000,0.330000,0.330000,0.275609,6457800
2012-07-20,0.340000,0.340000,0.330000,0.330000,0.275609,9171400
2012-07-23,0.330000,0.340000,0.330000,0.330000,0.275609,3945900
2012-07-24,0.330000,0.340000,0.330000,0.330000,0.275609,11915000
2012-07-25,0.340000,0.340000,0.330000,0.330000,0.275609,30501000
2012-07-26,0.330000,0.340000,0.330000,0.330000,0.275609,2383700
2012-07-27,0.330000,0.350000,0.330000,0.330000,0.275609,26186900
2012-07-30,0.330000,0.330000,0.320000,0.320000,0.267257,31007700
2012-07-31,0.320000,0.320000,0.310000,0.320000,0.267257,9055100
2012-08-01,0.310000,0.320000,0.310000,0.320000,0.267257,4022000
TWZ,2
2012-08-01,0.310000,0.320000,0.310000,0.320000,0.267257,4022000
2012-08-03,0.320000,0.340000,0.320000,0.320000,0.267257,56984900
2012-08-06,0.320000,0.330000,0.320000,0.320000,0.267257,3144600
2012-08-07,0.330000,0.330000,0.320000,0.320000,0.267257,1197300
2012-08-08,0.320000,0.330000,0.320000,0.330000,0.275609,12981600
2012-08-09,0.330000,0.330000,0.320000,0.320000,0.267257,28650800
2012-08-10,0.330000,0.330000,0.320000,0.320000,0.267257,9608100
2012-08-14,0.320000,0.340000,0.320000,0.320000,0.267257,15302100
2012-08-15,0.330000,0.340000,0.330000,0.330000,0.275609,20903800
2012-08-16,0.330000,0.370000,0.330000,0.360000,0.300665,74734100
2012-08-17,0.360000,0.370000,0.350000,0.360000,0.300665,25759600
2012-08-20,0.360000,0.360000,0.350000,0.350000,0.292313,2489300
2012-08-21,0.350000,0.350000,0.340000,0.340000,0.283961,1622400
2012-08-22,0.340000,0.350000,0.340000,0.350000,0.292313,4349900
2012-08-23,0.350000,0.350000,0.340000,0.340000,0.283961,5470000
2012-08-24,0.340000,0.350000,0.340000,0.340000,0.283961,13305500
2012-08-27,0.350000,0.360000,0.350000,0.360000,0.300665,9509200
2012-08-28,0.360000,0.360000,0.350000,0.350000,0.292313,6362200
2012-08-29,0.360000,0.360000,0.340000,0.350000,0.292313,8586400
2012-08-30,0.350000,0.350000,0.340000,0.350000,0.292313,1264200
2012-08-31,0.350000,0.360000,0.350000,0.350000,0.292313,2624200
2012-09-03,0.350000,0.360000,0.350000,0.360000,0.300665,4469200
2012-09-04,0.350000,0.360000,0.350000,0.350000,0.292313,2970700
2012-09-05,0.350000,0.360000,0.350000,0.350000,0.292313,1335200
2012-09-06,0.350000,0.360000,0.350000,0.350000,0.292313,1593700
2012-09-07,0.350000,0.350000,0.330000,0.330000,0.275609,37051600
2012-09-10,0.330000,0.330000,0.320000,0.330000,0.275609,34765500
2012-09-11,0.330000,0.330000,0.310000,0.320000,0.267257,35938300
2012-09-12,0.320000,0.330000,0.320000,0.320000,0.267257,15117700
2012-09-13,0.330000,0.330000,0.320000,0.320000,0.267257,15736100
2012-09-14,0.320000,0.330000,0.320000,0.320000,0.267257,8180800
2012-09-17,0.330000,0.330000,0.320000,0.320000,0.267257,4259400
2012-09-18,0.330000,0.330000,0.320000,0.320000,0.267257,5804200
2012-09-19,0.330000,0.330000,0.320000,0.330000,0.275609,2844400
2012-09-20,0.330000,0.330000,0.320000,0.320000,0.267257,2549800
2012-09-21,0.330000,0.330000,0.320000,0.330000,0.275609,3757300
2012-09-24,0.330000,0.330000,0.320000,0.320000,0.267257,1831700
2012-09-25,0.320000,0.330000,0.320000,0.320000,0.267257,1097300
2012-09-26,0.330000,0.330000,0.320000,0.320000,0.267257,2934300
2012-09-27,0.320000,0.330000,0.320000,0.330000,0.275609,1377100
2012-09-28,0.330000,0.330000,0.320000,0.320000,0.267257,4500900
2012-10-01,0.320000,0.330000,0.320000,0.330000,0.275609,3035200
2012-10-02,0.320000,0.330000,0.320000,0.320000,0.267257,1870500
2012-10-03,0.330000,0.330000,0.320000,0.320000,0.267257,9660100
2012-10-04,0.320000,0.330000,0.320000,0.320000,0.267257,9618400
2012-10-05,0.320000,0.330000,0.320000,0.320000,0.267257,2549900
2012-10-08,0.330000,0.340000,0.320000,0.330000,0.275609,57480000
2012-10-09,0.330000,0.340000,0.330000,0.330000,0.275609,24045500
2012-10-10,0.340000,0.360000,0.330000,0.360000,0.300665,91292900
2012-10-11,0.350000,0.360000,0.350000,0.350000,0.292313,44734700
2012-10-12,0.360000,0.360000,0.340000,0.340000,0.283961,13741900
2012-10-15,0.340000,0.350000,0.340000,0.350000,0.292313,21215600
2012-10-16,0.350000,0.380000,0.350000,0.370000,0.309016,356210400
2012-10-17,0.370000,0.380000,0.350000,0.350000,0.292313,111294200
2012-10-18,0.350000,0.360000,0.350000,0.350000,0.292313,16825400
2012-10-19,0.360000,0.360000,0.340000,0.350000,0.292313,15432900
2012-10-22,0.350000,0.360000,0.350000,0.360000,0.300665,9714600
2012-10-24,0.350000,0.360000,0.340000,0.340000,0.283961,16545700
2012-10-25,0.340000,0.360000,0.340000,0.350000,0.292313,33664700
2012-10-26,0.360000,0.360000,0.340000,0.350000,0.292313,26243400
2012-10-29,0.350000,0.360000,0.340000,0.350000,0.292313,18388900
2012-10-30,0.340000,0.350000,0.340000,0.350000,0.292313,3814300
2012-10-31,0.350000,0.350000,0.340000,0.340000,0.283961,2999400
2012-11-01,0.340000,0.350000,0.340000,0.350000,0.292313,25404700
2012-11-02,0.350000,0.360000,0.340000,0.350000,0.292313,48644000
2012-11-05,0.350000,0.370000,0.350000,0.360000,0.300665,26639600
2012-11-06,0.360000,0.370000,0.350000,0.350000,0.292313,19635900
2012-11-07,0.360000,0.360000,0.350000,0.360000,0.300665,9700600
2012-11-08,0.360000,0.360000,0.350000,0.350000,0.292313,4315200
2012-11-09,0.350000,0.360000,0.350000,0.360000,0.300665,16471000
2012-11-12,0.350000,0.360000,0.350000,0.350000,0.292313,883000
2012-11-13,0.350000,0.360000,0.340000,0.350000,0.292313,4216000
2012-11-14,0.360000,0.360000,0.340000,0.340000,0.283961,12984500
2012-11-15,0.340000,0.340000,0.330000,0.340000,0.283961,11961900
2012-11-16,0.330000,0.350000,0.330000,0.350000,0.292313,7068800
2012-11-19,0.350000,0.350000,0.340000,0.340000,0.283961,3584600
2012-11-20,0.350000,0.350000,0.330000,0.340000,0.283961,4588200
2012-11-21,0.340000,0.350000,0.330000,0.350000,0.292313,8799600
2012-11-22,0.340000,0.350000,0.340000,0.350000,0.292313,2432100
2012-11-23,0.340000,0.350000,0.330000,0.340000,0.283961,4543300
2012-11-26,0.340000,0.340000,0.330000,0.340000,0.283961,3103300
2012-11-27,0.340000,0.350000,0.330000,0.340000,0.283961,3703100
2012-11-28,0.340000,0.350000,0.340000,0.340000,0.283961,2163700
2012-11-29,0.340000,0.350000,0.340000,0.350000,0.292313,2787500
2012-11-30,0.340000,0.370000,0.340000,0.350000,0.292313,49681600
2012-12-03,0.360000,0.370000,0.350000,0.360000,0.300665,11411300
2012-12-04,0.360000,0.370000,0.360000,0.360000,0.300665,10831800
2012-12-06,0.360000,0.370000,0.350000,0.360000,0.300665,11573100
2012-12-07,0.360000,0.380000,0.360000,0.370000,0.309016,99014900
2012-12-11,0.380000,0.410000,0.350000,0.360000,0.300665,336693400
2012-12-12,0.370000,0.370000,0.360000,0.360000,0.300665,11543900
2012-12-13,0.360000,0.370000,0.350000,0.360000,0.300665,20732100
2012-12-14,0.360000,0.370000,0.350000,0.360000,0.300665,25402000
2012-12-17,0.360000,0.370000,0.350000,0.360000,0.300665,10305000
2012-12-18,0.360000,0.370000,0.350000,0.360000,0.300665,14937500
2012-12-19,0.370000,0.370000,0.360000,0.370000,0.309016,22324700
2012-12-20,0.370000,0.370000,0.360000,0.360000,0.300665,14224900
2012-12-21,0.370000,0.370000,0.360000,0.370000,0.309016,11973000
2012-12-24,0.370000,0.380000,0.370000,0.380000,0.317368,23391600
2012-12-25,0.380000,0.430000,0.370000,0.400000,0.334072,438199600
2012-12-26,0.420000,0.420000,0.400000,0.400000,0.334072,125384200
2012-12-27,0.400000,0.420000,0.400000,0.410000,0.342424,101368100
2012-12-28,0.420000,0.440000,0.390000,0.410000,0.342424,181692200
2013-01-02,0.410000,0.420000,0.400000,0.410000,0.342424,50970100
2013-01-03,0.400000,0.420000,0.400000,0.410000,0.342424,36132100
2013-01-04,0.410000,0.410000,0.390000,0.400000,0.334072,70402000
2013-01-07,0.400000,0.410000,0.390000,0.400000,0.334072,31570800
TWZ,3
2013-01-07,0.400000,0.410000,0.390000,0.400000,0.334072,31570800
2013-01-08,0.410000,0.410000,0.390000,0.400000,0.334072,33900900
2013-01-09,0.420000,0.430000,0.410000,0.410000,0.342424,299137800
2013-01-10,0.420000,0.430000,0.400000,0.400000,0.334072,153107900
2013-01-11,0.400000,0.410000,0.390000,0.400000,0.334072,60779900
2013-01-14,0.400000,0.410000,0.400000,0.400000,0.334072,13859400
2013-01-15,0.410000,0.440000,0.400000,0.430000,0.359127,261410000
2013-01-16,0.440000,0.540000,0.440000,0.520000,0.434293,1084046500
2013-01-17,0.540000,0.550000,0.480000,0.480000,0.400886,376736500
2013-01-18,0.490000,0.520000,0.480000,0.510000,0.425941,268333500
2013-01-21,0.480000,0.490000,0.450000,0.470000,0.392534,108908600
2013-01-22,0.470000,0.470000,0.430000,0.440000,0.367479,61984500
2013-01-23,0.440000,0.440000,0.390000,0.410000,0.342424,89616400
2013-01-24,0.410000,0.430000,0.400000,0.430000,0.359127,44152200
2013-01-25,0.420000,0.430000,0.420000,0.420000,0.350775,31702300
2013-01-28,0.430000,0.440000,0.420000,0.440000,0.367479,27767200
2013-01-29,0.440000,0.470000,0.430000,0.470000,0.392534,79145400
2013-01-30,0.470000,0.470000,0.440000,0.450000,0.375831,27512500
2013-01-31,0.440000,0.460000,0.440000,0.440000,0.367479,29911900
2013-02-01,0.450000,0.460000,0.440000,0.460000,0.384182,21742800
2013-02-04,0.460000,0.480000,0.460000,0.470000,0.392534,70092200
2013-02-05,0.460000,0.480000,0.450000,0.480000,0.400886,41297700
2013-02-06,0.480000,0.490000,0.470000,0.480000,0.400886,52435900
2013-02-07,0.490000,0.500000,0.460000,0.480000,0.400886,68042500
2013-02-08,0.480000,0.520000,0.480000,0.510000,0.425941,77870900
2013-02-11,0.510000,0.510000,0.490000,0.490000,0.409238,76671500
2013-02-12,0.500000,0.500000,0.480000,0.490000,0.409238,28331100
2013-02-13,0.490000,0.500000,0.460000,0.460000,0.384182,46411000
2013-02-14,0.470000,0.480000,0.460000,0.460000,0.384182,82836300
2013-02-15,0.470000,0.470000,0.450000,0.470000,0.392534,23167500
2013-02-18,0.470000,0.470000,0.450000,0.460000,0.384182,22143500
2013-02-19,0.450000,0.460000,0.450000,0.460000,0.384182,9244800
2013-02-20,0.460000,0.460000,0.440000,0.450000,0.375831,49440200
2013-02-21,0.450000,0.460000,0.440000,0.460000,0.384182,32497000
2013-02-22,0.460000,0.460000,0.440000,0.450000,0.375831,40561900
2013-02-26,0.450000,0.450000,0.410000,0.420000,0.350775,118431000
2013-02-27,0.420000,0.430000,0.410000,0.410000,0.342424,37489700
2013-02-28,0.410000,0.420000,0.400000,0.410000,0.342424,32221300
2013-03-01,0.400000,0.400000,0.380000,0.380000,0.317368,87379800
2013-03-04,0.380000,0.400000,0.380000,0.390000,0.325720,33127400
2013-03-05,0.390000,0.400000,0.380000,0.390000,0.325720,19959100
2013-03-06,0.400000,0.400000,0.380000,0.380000,0.317368,25170200
2013-03-07,0.390000,0.390000,0.370000,0.390000,0.325720,30635000
TWZ,3
2013-03-07,0.390000,0.390000,0.370000,0.390000,0.325720,30635000
2013-03-08,0.390000,0.400000,0.380000,0.390000,0.325720,28452800
2013-03-11,0.390000,0.440000,0.390000,0.440000,0.367479,162513000
2013-03-12,0.440000,0.450000,0.420000,0.430000,0.359127,83997300
2013-03-13,0.440000,0.450000,0.430000,0.440000,0.367479,42126700
2013-03-14,0.440000,0.460000,0.440000,0.450000,0.375831,68238400
2013-03-15,0.460000,0.490000,0.460000,0.480000,0.400886,236827400
2013-03-18,0.490000,0.500000,0.480000,0.480000,0.400886,133088900
2013-03-19,0.490000,0.500000,0.460000,0.470000,0.392534,106887100
2013-03-20,0.470000,0.490000,0.460000,0.470000,0.392534,89831300
2013-03-21,0.470000,0.480000,0.450000,0.460000,0.384182,59472700
2013-03-22,0.450000,0.460000,0.410000,0.410000,0.342424,47567600
2013-03-25,0.410000,0.450000,0.410000,0.450000,0.375831,27034600
2013-03-26,0.450000,0.470000,0.420000,0.430000,0.359127,117731600
2013-03-27,0.440000,0.450000,0.430000,0.450000,0.375831,66761400
2013-03-28,0.450000,0.530000,0.450000,0.530000,0.442645,730363100
2013-03-29,0.540000,0.550000,0.500000,0.500000,0.417590,479407400
2013-04-01,0.500000,0.590000,0.480000,0.570000,0.476052,1195383500
TWZ,2
2013-04-01,0.500000,0.590000,0.480000,0.570000,0.476052,1195383500
2013-04-02,0.570000,0.580000,0.540000,0.550000,0.459349,336286200
2013-04-03,0.550000,0.550000,0.470000,0.480000,0.400886,267060800
2013-04-04,0.460000,0.510000,0.460000,0.500000,0.417590,120347200
2013-04-05,0.500000,0.510000,0.470000,0.470000,0.392534,86710700
2013-04-09,0.460000,0.460000,0.420000,0.420000,0.350775,52316600
2013-04-10,0.430000,0.450000,0.430000,0.450000,0.375831,15443100
2013-04-11,0.450000,0.470000,0.450000,0.460000,0.384182,14217500
2013-04-12,0.460000,0.470000,0.450000,0.460000,0.384182,7334100
2013-04-17,0.460000,0.470000,0.460000,0.460000,0.384182,9201400
2013-04-18,0.460000,0.470000,0.450000,0.470000,0.392534,4152400
2013-04-19,0.460000,0.480000,0.460000,0.470000,0.392534,12301200
2013-04-22,0.470000,0.480000,0.460000,0.480000,0.400886,12594800
2013-04-23,0.470000,0.490000,0.470000,0.480000,0.400886,16806300
2013-04-24,0.490000,0.490000,0.470000,0.480000,0.400886,8843600
2013-04-25,0.480000,0.490000,0.470000,0.480000,0.400886,9312300
2013-04-26,0.470000,0.480000,0.470000,0.470000,0.392534,6789800
2013-04-29,0.480000,0.480000,0.460000,0.470000,0.392534,575100
2013-04-30,0.470000,0.480000,0.470000,0.470000,0.392534,3631800
2013-05-02,0.470000,0.480000,0.460000,0.460000,0.384182,6062500
2013-05-03,0.470000,0.480000,0.460000,0.470000,0.392534,11218600
2013-05-07,0.470000,0.480000,0.470000,0.480000,0.400886,7078600
2013-05-08,0.480000,0.490000,0.470000,0.490000,0.409238,24951200
2013-05-09,0.490000,0.500000,0.480000,0.490000,0.409238,23123200
2013-05-10,0.490000,0.500000,0.490000,0.500000,0.417590,12801300
2013-05-13,0.500000,0.510000,0.480000,0.490000,0.409238,25839000
2013-05-14,0.490000,0.500000,0.480000,0.490000,0.409238,11376400
2013-05-15,0.500000,0.500000,0.490000,0.490000,0.409238,7323600
2013-05-16,0.490000,0.500000,0.480000,0.490000,0.409238,7175200
2013-05-17,0.490000,0.530000,0.480000,0.520000,0.434293,67165600
2013-05-20,0.520000,0.540000,0.510000,0.510000,0.425941,124988100
2013-05-21,0.510000,0.530000,0.500000,0.500000,0.417590,37199800
2013-05-22,0.510000,0.520000,0.490000,0.490000,0.409238,31196300
2013-05-23,0.490000,0.510000,0.470000,0.490000,0.409238,77113700
2013-05-27,0.490000,0.490000,0.470000,0.480000,0.400886,16182100
2013-05-28,0.480000,0.500000,0.480000,0.500000,0.417590,21334400
2013-05-29,0.490000,0.520000,0.490000,0.490000,0.409238,57805900
2013-05-30,0.490000,0.500000,0.480000,0.480000,0.400886,17388100
2013-05-31,0.480000,0.500000,0.480000,0.480000,0.400886,16780600
2013-06-03,0.480000,0.480000,0.460000,0.470000,0.392534,12253800
2013-06-04,0.470000,0.480000,0.460000,0.470000,0.392534,6024300
2013-06-05,0.470000,0.470000,0.450000,0.450000,0.375831,14063000
2013-06-06,0.440000,0.440000,0.410000,0.410000,0.342424,35114100
2013-06-07,0.410000,0.430000,0.410000,0.430000,0.359127,17090200
2013-06-10,0.430000,0.440000,0.420000,0.430000,0.359127,5402800
2013-06-11,0.420000,0.430000,0.390000,0.390000,0.325720,22167200
2013-06-12,0.390000,0.410000,0.380000,0.390000,0.325720,35352400
2013-06-13,0.370000,0.380000,0.360000,0.370000,0.309016,26381400
2013-06-14,0.380000,0.400000,0.380000,0.390000,0.325720,20019900
2013-06-17,0.390000,0.400000,0.380000,0.380000,0.317368,12082800
2013-06-18,0.380000,0.410000,0.380000,0.380000,0.317368,23074200
2013-06-19,0.390000,0.390000,0.380000,0.380000,0.317368,5293400
2013-06-20,0.370000,0.400000,0.370000,0.380000,0.317368,34673700
2013-06-21,0.380000,0.390000,0.370000,0.380000,0.317368,15094500
2013-06-24,0.380000,0.410000,0.370000,0.390000,0.325720,42236300
2013-06-25,0.400000,0.400000,0.370000,0.400000,0.334072,44485600
2013-06-26,0.420000,0.470000,0.410000,0.440000,0.367479,146196300
2013-06-27,0.450000,0.450000,0.420000,0.420000,0.350775,50913500
2013-06-28,0.430000,0.440000,0.420000,0.430000,0.359127,29320400
2013-07-02,0.440000,0.450000,0.430000,0.440000,0.367479,52253500
2013-07-03,0.440000,0.450000,0.440000,0.440000,0.367479,21757000
2013-07-04,0.450000,0.460000,0.430000,0.440000,0.367479,63063400
2013-07-05,0.440000,0.450000,0.430000,0.450000,0.375831,7720600
2013-07-08,0.450000,0.450000,0.420000,0.420000,0.350775,13855000
2013-07-09,0.430000,0.430000,0.410000,0.410000,0.342424,10831700
2013-07-10,0.420000,0.420000,0.400000,0.400000,0.334072,10965900
2013-07-11,0.400000,0.420000,0.400000,0.420000,0.350775,7804600
2013-07-12,0.420000,0.430000,0.410000,0.420000,0.350775,8155800
2013-07-15,0.430000,0.430000,0.420000,0.420000,0.350775,3612400
2013-07-16,0.420000,0.450000,0.420000,0.430000,0.359127,38334200
2013-07-17,0.430000,0.450000,0.430000,0.440000,0.367479,50519700
2013-07-18,0.440000,0.440000,0.430000,0.440000,0.367479,6850200
2013-07-19,0.440000,0.450000,0.430000,0.440000,0.367479,17935300
2013-07-23,0.450000,0.470000,0.450000,0.450000,0.375831,54933900
2013-07-24,0.450000,0.460000,0.430000,0.440000,0.367479,38701700
2013-07-25,0.440000,0.440000,0.420000,0.420000,0.350775,16481200
2013-07-26,0.420000,0.430000,0.420000,0.420000,0.350775,4697400
2013-07-29,0.420000,0.420000,0.420000,0.420000,0.350775,1689900
2013-07-30,0.420000,0.430000,0.410000,0.410000,0.342424,10015100
2013-07-31,0.410000,0.410000,0.400000,0.400000,0.334072,9901100
2013-08-01,0.410000,0.410000,0.400000,0.410000,0.342424,5607300
2013-08-02,0.410000,0.410000,0.400000,0.400000,0.334072,8628000
2013-08-05,0.400000,0.420000,0.390000,0.400000,0.334072,11093100
2013-08-06,0.400000,0.420000,0.400000,0.410000,0.342424,21511200
2013-08-07,0.410000,0.420000,0.400000,0.410000,0.342424,3508300
2013-08-08,0.410000,0.420000,0.410000,0.410000,0.342424,838700
2013-08-09,0.410000,0.430000,0.410000,0.420000,0.350775,21227100
2013-08-13,0.420000,0.430000,0.410000,0.410000,0.342424,15853500
2013-08-14,0.420000,0.430000,0.410000,0.420000,0.350775,8138300
2013-08-15,0.420000,0.420000,0.410000,0.420000,0.350775,2810600
2013-08-16,0.410000,0.420000,0.410000,0.410000,0.342424,2814600
2013-08-19,0.420000,0.420000,0.400000,0.410000,0.342424,6832600
2013-08-20,0.400000,0.400000,0.390000,0.400000,0.334072,12049900
2013-08-21,0.400000,0.410000,0.390000,0.400000,0.334072,5583200
2013-08-22,0.400000,0.410000,0.390000,0.400000,0.334072,5393900
2013-08-23,0.410000,0.410000,0.400000,0.400000,0.334072,4120900
2013-08-26,0.400000,0.420000,0.400000,0.400000,0.334072,46280200
2013-08-27,0.400000,0.400000,0.390000,0.390000,0.325720,9432500
2013-08-28,0.390000,0.390000,0.380000,0.380000,0.317368,20626300
2013-08-29,0.390000,0.400000,0.390000,0.400000,0.334072,12373800
2013-08-30,0.350000,0.360000,0.340000,0.350000,0.292313,18722800
TWZ,4
2013-08-30,0.350000,0.360000,0.340000,0.350000,0.292313,18722800
2013-09-02,0.350000,0.360000,0.340000,0.360000,0.300665,4579100
2013-09-03,0.350000,0.360000,0.350000,0.350000,0.292313,3061400
2013-09-04,0.350000,0.350000,0.340000,0.340000,0.283961,7971500
2013-09-05,0.340000,0.350000,0.340000,0.340000,0.283961,4839600
2013-09-06,0.340000,0.360000,0.340000,0.350000,0.292313,15386500
2013-09-09,0.360000,0.370000,0.360000,0.360000,0.300665,8625000
2013-09-10,0.360000,0.370000,0.350000,0.350000,0.292313,6656300
2013-09-11,0.360000,0.360000,0.350000,0.360000,0.300665,1111800
2013-09-12,0.360000,0.370000,0.360000,0.360000,0.300665,2357200
2013-09-13,0.360000,0.370000,0.360000,0.360000,0.300665,2032700
2013-09-16,0.370000,0.380000,0.370000,0.370000,0.309016,7017500
2013-09-17,0.370000,0.380000,0.370000,0.370000,0.309016,2925800
2013-09-18,0.380000,0.380000,0.370000,0.380000,0.317368,3294700
2013-09-19,0.390000,0.400000,0.380000,0.390000,0.325720,28878800
2013-09-20,0.390000,0.400000,0.390000,0.390000,0.325720,5334400
2013-09-23,0.380000,0.390000,0.380000,0.380000,0.317368,4580400
2013-09-24,0.380000,0.400000,0.380000,0.390000,0.325720,12657600
2013-09-25,0.400000,0.410000,0.390000,0.400000,0.334072,37860000
2013-09-26,0.400000,0.400000,0.390000,0.390000,0.325720,10054500
2013-09-27,0.400000,0.400000,0.390000,0.390000,0.325720,2230200
2013-09-30,0.390000,0.390000,0.380000,0.380000,0.317368,5430200
2013-10-01,0.380000,0.390000,0.380000,0.380000,0.317368,2815200
2013-10-02,0.380000,0.390000,0.380000,0.390000,0.325720,1777600
2013-10-03,0.390000,0.400000,0.380000,0.390000,0.325720,4443100
2013-10-04,0.390000,0.400000,0.380000,0.380000,0.317368,1982300
2013-10-07,0.390000,0.400000,0.380000,0.390000,0.325720,2179500
2013-10-08,0.390000,0.390000,0.380000,0.390000,0.325720,3268900
2013-10-09,0.380000,0.390000,0.380000,0.390000,0.325720,5564900
2013-10-10,0.390000,0.390000,0.380000,0.380000,0.317368,6635800
2013-10-11,0.390000,0.400000,0.380000,0.390000,0.325720,9289300
2013-10-14,0.390000,0.400000,0.380000,0.400000,0.334072,2360000
2013-10-15,0.390000,0.410000,0.390000,0.390000,0.325720,26541400
2013-10-16,0.400000,0.420000,0.390000,0.400000,0.334072,105842600
2013-10-17,0.410000,0.420000,0.400000,0.400000,0.334072,24715500
2013-10-18,0.400000,0.410000,0.390000,0.400000,0.334072,6464100
2013-10-21,0.400000,0.410000,0.390000,0.390000,0.325720,6401900
2013-10-22,0.400000,0.400000,0.380000,0.390000,0.325720,3574000
2013-10-24,0.390000,0.400000,0.390000,0.390000,0.325720,1533500
2013-10-25,0.390000,0.400000,0.380000,0.390000,0.325720,2407000
2013-10-28,0.390000,0.400000,0.380000,0.390000,0.325720,2612800
2013-10-29,0.390000,0.400000,0.380000,0.390000,0.325720,4589900
2013-10-30,0.390000,0.390000,0.380000,0.380000,0.317368,7083600
2013-10-31,0.380000,0.390000,0.380000,0.380000,0.317368,4610700
2013-11-01,0.380000,0.390000,0.380000,0.380000,0.317368,6742200
2013-11-04,0.370000,0.380000,0.370000,0.370000,0.309016,13580900
2013-11-05,0.370000,0.410000,0.370000,0.400000,0.334072,43778800
2013-11-06,0.400000,0.400000,0.390000,0.390000,0.325720,47960800
2013-11-07,0.400000,0.400000,0.380000,0.380000,0.317368,11890200
2013-11-08,0.380000,0.390000,0.380000,0.380000,0.317368,622000
2013-11-11,0.380000,0.380000,0.370000,0.370000,0.309016,4503200
2013-11-12,0.380000,0.420000,0.380000,0.400000,0.334072,66831600
2013-11-13,0.390000,0.420000,0.390000,0.410000,0.342424,111238700
2013-11-14,0.420000,0.440000,0.410000,0.420000,0.350775,57871500
TWZ,1
2013-11-14,0.420000,0.440000,0.410000,0.420000,0.350775,57871500
2013-11-15,0.420000,0.430000,0.410000,0.410000,0.342424,17766400
2013-11-18,0.420000,0.420000,0.400000,0.400000,0.334072,5477300
2013-11-19,0.400000,0.410000,0.390000,0.400000,0.334072,6615400
2013-11-20,0.400000,0.410000,0.400000,0.400000,0.334072,5183400
2013-11-21,0.390000,0.400000,0.380000,0.380000,0.317368,8954800
2013-11-22,0.380000,0.390000,0.380000,0.390000,0.325720,3083800
2013-11-25,0.380000,0.390000,0.370000,0.380000,0.317368,4315500
2013-11-26,0.380000,0.390000,0.380000,0.380000,0.317368,709100
2013-11-27,0.380000,0.400000,0.380000,0.400000,0.334072,7167700
2013-11-28,0.400000,0.400000,0.360000,0.370000,0.309016,72353100
2013-11-29,0.370000,0.380000,0.360000,0.370000,0.309016,89293500
2013-12-02,0.360000,0.370000,0.350000,0.360000,0.300665,33357400
2013-12-03,0.370000,0.380000,0.360000,0.370000,0.309016,17045900
2013-12-04,0.370000,0.370000,0.370000,0.370000,0.309016,10280900
2013-12-06,0.380000,0.380000,0.360000,0.360000,0.300665,7343500
2013-12-09,0.370000,0.370000,0.360000,0.360000,0.300665,2981300
2013-12-11,0.370000,0.370000,0.360000,0.360000,0.300665,723000
2013-12-12,0.360000,0.370000,0.360000,0.370000,0.309016,6635300
2013-12-13,0.370000,0.370000,0.360000,0.360000,0.300665,2131000
2013-12-16,0.360000,0.370000,0.360000,0.360000,0.300665,5741400
2013-12-17,0.360000,0.370000,0.360000,0.360000,0.300665,12073700
2013-12-18,0.360000,0.370000,0.360000,0.360000,0.300665,6619700
2013-12-19,0.360000,0.370000,0.360000,0.360000,0.300665,26647000
2013-12-20,0.360000,0.380000,0.350000,0.350000,0.292313,87233300
2013-12-23,0.360000,0.360000,0.320000,0.330000,0.275609,73775700
2013-12-24,0.330000,0.330000,0.310000,0.320000,0.267257,79360300
2013-12-25,0.330000,0.330000,0.320000,0.330000,0.275609,13519400
2013-12-26,0.330000,0.330000,0.310000,0.320000,0.267257,41100200
2013-12-27,0.320000,0.320000,0.310000,0.320000,0.267257,7106200
2014-01-02,0.330000,0.330000,0.300000,0.300000,0.250554,20588500
2014-01-03,0.300000,0.310000,0.290000,0.300000,0.250554,6168800
TWZ,1
2014-01-03,0.300000,0.310000,0.290000,0.300000,0.250554,6168800
2014-01-06,0.300000,0.300000,0.290000,0.300000,0.250554,3484600
2014-01-07,0.300000,0.310000,0.300000,0.300000,0.250554,2552500
2014-01-08,0.300000,0.310000,0.300000,0.310000,0.258906,952300
2014-01-09,0.310000,0.310000,0.300000,0.310000,0.258906,2545400
2014-01-10,0.310000,0.310000,0.300000,0.310000,0.258906,894100
2014-01-13,0.300000,0.310000,0.300000,0.310000,0.258906,3561900
2014-01-14,0.310000,0.320000,0.300000,0.320000,0.267257,3079300
2014-01-15,0.320000,0.320000,0.310000,0.310000,0.258906,1831200
2014-01-16,0.310000,0.320000,0.310000,0.310000,0.258906,1026400
2014-01-17,0.310000,0.330000,0.310000,0.320000,0.267257,5839100
2014-01-20,0.320000,0.320000,0.310000,0.310000,0.258906,2199100
2014-01-21,0.320000,0.330000,0.310000,0.320000,0.267257,5889300
2014-01-22,0.310000,0.320000,0.310000,0.310000,0.258906,671800
2014-01-23,0.320000,0.330000,0.310000,0.320000,0.267257,5454700
2014-01-24,0.310000,0.330000,0.310000,0.330000,0.275609,6286200
2014-01-27,0.320000,0.320000,0.320000,0.320000,0.267257,568900
2014-01-28,0.320000,0.330000,0.310000,0.320000,0.267257,716200
2014-01-29,0.320000,0.330000,0.310000,0.320000,0.267257,799100
2014-01-30,0.320000,0.330000,0.320000,0.320000,0.267257,998900
2014-01-31,0.320000,0.330000,0.320000,0.330000,0.275609,702900
2014-02-03,0.330000,0.330000,0.320000,0.330000,0.275609,1882100
2014-02-04,0.320000,0.340000,0.320000,0.330000,0.275609,3997600
2014-02-05,0.330000,0.340000,0.320000,0.330000,0.275609,6984700
2014-02-06,0.330000,0.330000,0.320000,0.330000,0.275609,3082100
2014-02-07,0.330000,0.360000,0.330000,0.340000,0.283961,36533700
2014-02-10,0.340000,0.360000,0.340000,0.350000,0.292313,11953600
2014-02-11,0.350000,0.360000,0.350000,0.350000,0.292313,4767600
2014-02-12,0.350000,0.380000,0.340000,0.380000,0.317368,32855200
2014-02-13,0.380000,0.380000,0.370000,0.370000,0.309016,6725800
2014-02-17,0.370000,0.380000,0.360000,0.360000,0.300665,10915700
2014-02-18,0.360000,0.370000,0.360000,0.360000,0.300665,4063300
2014-02-19,0.370000,0.390000,0.370000,0.370000,0.309016,11560800
2014-02-20,0.370000,0.380000,0.360000,0.360000,0.300665,5408600
2014-02-21,0.370000,0.370000,0.360000,0.360000,0.300665,422700
2014-02-24,0.360000,0.370000,0.360000,0.360000,0.300665,5879000
2014-02-25,0.360000,0.370000,0.360000,0.370000,0.309016,3710100
2014-02-26,0.360000,0.380000,0.360000,0.360000,0.300665,1424300
2014-02-27,0.360000,0.380000,0.360000,0.380000,0.317368,30399200
2014-02-28,0.380000,0.390000,0.360000,0.370000,0.309016,42672800
2014-03-03,0.370000,0.380000,0.370000,0.370000,0.309016,7325000
2014-03-04,0.370000,0.380000,0.370000,0.370000,0.309016,13921400
2014-03-05,0.380000,0.380000,0.370000,0.380000,0.317368,6290600
2014-03-06,0.380000,0.390000,0.370000,0.380000,0.317368,6405600
2014-03-07,0.380000,0.390000,0.380000,0.380000,0.317368,2344600
2014-03-10,0.380000,0.390000,0.370000,0.380000,0.317368,4553700
2014-03-11,0.380000,0.390000,0.370000,0.380000,0.317368,2727400
2014-03-12,0.380000,0.390000,0.370000,0.380000,0.317368,4228900
2014-03-13,0.380000,0.390000,0.380000,0.390000,0.325720,10493900
2014-03-14,0.390000,0.390000,0.380000,0.380000,0.317368,2200800
2014-03-17,0.380000,0.390000,0.380000,0.380000,0.317368,4959000
2014-03-18,0.390000,0.390000,0.380000,0.380000,0.317368,5508900
2014-03-19,0.390000,0.390000,0.380000,0.380000,0.317368,5576500
2014-03-20,0.380000,0.380000,0.370000,0.370000,0.309016,1460000
2014-03-21,0.380000,0.380000,0.370000,0.380000,0.317368,4564800
2014-03-24,0.360000,0.370000,0.360000,0.360000,0.312486,10425700
2014-03-25,0.360000,0.360000,0.350000,0.360000,0.312486,1479500
2014-03-26,0.360000,0.360000,0.350000,0.350000,0.303805,1539600
2014-03-27,0.360000,0.360000,0.350000,0.350000,0.303805,2933200
2014-03-28,0.350000,0.360000,0.350000,0.350000,0.303805,1155500
2014-03-31,0.360000,0.360000,0.350000,0.350000,0.303805,6591300
2014-04-01,0.350000,0.360000,0.350000,0.360000,0.312486,2772300
2014-04-02,0.350000,0.360000,0.350000,0.350000,0.303805,4926700
2014-04-03,0.350000,0.360000,0.350000,0.360000,0.312486,1356100
2014-04-04,0.350000,0.360000,0.350000,0.350000,0.303805,2302400
2014-04-08,0.350000,0.360000,0.350000,0.350000,0.303805,794400
2014-04-09,0.350000,0.360000,0.350000,0.350000,0.303805,4341900
2014-04-10,0.350000,0.360000,0.350000,0.360000,0.312486,6926000
2014-04-11,0.350000,0.360000,0.350000,0.350000,0.303805,6790100
2014-04-16,0.360000,0.360000,0.350000,0.350000,0.303805,5500100
2014-04-17,0.350000,0.380000,0.350000,0.370000,0.321166,42344100
2014-04-18,0.380000,0.380000,0.370000,0.370000,0.321166,38083500
2014-04-21,0.370000,0.370000,0.360000,0.360000,0.312486,4108600
2014-04-22,0.360000,0.380000,0.360000,0.370000,0.321166,53656200
2014-04-23,0.380000,0.380000,0.370000,0.370000,0.321166,10797400
2014-04-24,0.380000,0.390000,0.370000,0.380000,0.329846,52012700
2014-04-25,0.380000,0.390000,0.370000,0.380000,0.329846,19761900
2014-04-28,0.380000,0.380000,0.370000,0.370000,0.321166,1782000
2014-04-29,0.370000,0.380000,0.370000,0.380000,0.329846,7667600
2014-04-30,0.380000,0.390000,0.370000,0.370000,0.321166,11414500
2014-05-02,0.380000,0.380000,0.350000,0.360000,0.312486,54751000
2014-05-06,0.360000,0.370000,0.350000,0.350000,0.303805,41007800
2014-05-07,0.350000,0.360000,0.340000,0.350000,0.303805,22530600
2014-05-08,0.350000,0.360000,0.350000,0.350000,0.303805,19675500
2014-05-09,0.340000,0.340000,0.320000,0.330000,0.286445,29579800
2014-05-12,0.330000,0.330000,0.320000,0.330000,0.286445,4474200
2014-05-14,0.330000,0.350000,0.330000,0.350000,0.303805,24300000
2014-05-15,0.340000,0.350000,0.340000,0.350000,0.303805,11111000
2014-05-16,0.350000,0.360000,0.350000,0.350000,0.303805,12943900
2014-05-19,0.350000,0.360000,0.340000,0.360000,0.312486,9992900
2014-05-20,0.350000,0.350000,0.340000,0.350000,0.303805,5925500
2014-05-21,0.340000,0.350000,0.340000,0.350000,0.303805,3615600
2014-05-22,0.350000,0.350000,0.340000,0.350000,0.303805,15757100
2014-05-23,0.340000,0.350000,0.340000,0.350000,0.303805,5079300
2014-05-26,0.360000,0.360000,0.340000,0.360000,0.312486,92372000
2014-05-27,0.370000,0.370000,0.360000,0.360000,0.312486,58823000
2014-05-28,0.360000,0.370000,0.360000,0.370000,0.321166,34588900
2014-05-29,0.360000,0.380000,0.360000,0.370000,0.321166,38362700
2014-05-30,0.370000,0.380000,0.350000,0.360000,0.312486,49463500
2014-06-02,0.360000,0.360000,0.350000,0.360000,0.312486,6172500
2014-06-03,0.360000,0.370000,0.350000,0.360000,0.312486,80659300
2014-06-04,0.370000,0.370000,0.350000,0.360000,0.312486,6873400
2014-06-05,0.360000,0.370000,0.360000,0.360000,0.312486,3673600
2014-06-06,0.370000,0.370000,0.350000,0.360000,0.312486,5271300
2014-06-09,0.360000,0.370000,0.350000,0.350000,0.303805,6463600
2014-06-10,0.350000,0.370000,0.350000,0.360000,0.312486,13193000
2014-06-11,0.360000,0.380000,0.360000,0.380000,0.329846,129898900
2014-06-12,0.380000,0.380000,0.370000,0.380000,0.329846,23661500
2014-06-13,0.380000,0.380000,0.370000,0.370000,0.321166,15202300
2014-06-16,0.380000,0.420000,0.370000,0.410000,0.355886,214258100
2014-06-17,0.410000,0.420000,0.390000,0.400000,0.347206,93031800
2014-06-18,0.400000,0.440000,0.380000,0.440000,0.381927,221956800
2014-06-19,0.440000,0.470000,0.420000,0.460000,0.399287,380458800
2014-06-20,0.450000,0.500000,0.450000,0.500000,0.434008,931273800
2014-06-23,0.530000,0.580000,0.530000,0.570000,0.494769,1283367600
2014-06-24,0.590000,0.590000,0.560000,0.570000,0.494769,778404400
2014-06-25,0.570000,0.600000,0.560000,0.560000,0.486089,592297300
2014-06-26,0.560000,0.570000,0.530000,0.540000,0.468728,366664700
2014-06-27,0.550000,0.580000,0.540000,0.580000,0.503449,400987600
2014-06-30,0.600000,0.640000,0.580000,0.630000,0.546850,910736300
2014-07-02,0.620000,0.630000,0.600000,0.610000,0.529489,481522800
2014-07-03,0.610000,0.670000,0.610000,0.670000,0.581570,709542000
2014-07-04,0.680000,0.680000,0.640000,0.650000,0.564210,769061700
2014-07-07,0.660000,0.720000,0.660000,0.710000,0.616291,1116235000
2014-07-08,0.700000,0.710000,0.690000,0.710000,0.616291,508920300
2014-07-09,0.710000,0.730000,0.680000,0.690000,0.598931,694584600
TWZ,2
2014-07-09,0.710000,0.730000,0.680000,0.690000,0.598931,694584600
2014-07-10,0.680000,0.680000,0.540000,0.610000,0.529489,60
2014-07-14,0.610000,0.620000,0.570000,0.580000,0.503449,394438700
2014-07-15,0.530000,0.560000,0.520000,0.530000,0.460048,671312500
2014-07-16,0.540000,0.580000,0.530000,0.570000,0.494769,578390300
2014-07-17,0.580000,0.600000,0.570000,0.570000,0.494769,339707000
2014-07-18,0.570000,0.580000,0.550000,0.550000,0.477408,214154900
2014-07-21,0.560000,0.580000,0.550000,0.560000,0.486089,306858500
2014-07-22,0.570000,0.610000,0.550000,0.610000,0.529489,748873600
2014-07-23,0.610000,0.620000,0.590000,0.600000,0.520809,736025200
2014-07-24,0.600000,0.610000,0.580000,0.590000,0.512129,203860900
2014-07-25,0.590000,0.610000,0.570000,0.570000,0.494769,374626100
2014-07-28,0.570000,0.580000,0.560000,0.570000,0.494769,99354900
2014-07-29,0.570000,0.580000,0.550000,0.550000,0.477408,158513500
2014-07-30,0.550000,0.560000,0.510000,0.540000,0.468728,187764300
2014-07-31,0.530000,0.570000,0.530000,0.530000,0.460048,195796900
2014-08-01,0.530000,0.540000,0.520000,0.530000,0.460048,83695000
2014-08-04,0.530000,0.540000,0.520000,0.520000,0.451368,59046400
2014-08-05,0.520000,0.540000,0.520000,0.530000,0.460048,163289900
2014-08-06,0.530000,0.530000,0.520000,0.520000,0.451368,57191100
2014-08-07,0.530000,0.530000,0.500000,0.500000,0.434008,134694700
2014-08-08,0.500000,0.520000,0.490000,0.510000,0.442688,98713400
2014-08-13,0.510000,0.540000,0.510000,0.530000,0.460048,344036000
2014-08-14,0.530000,0.540000,0.520000,0.520000,0.451368,83356800
2014-08-15,0.530000,0.540000,0.520000,0.520000,0.451368,98986000
2014-08-18,0.520000,0.520000,0.510000,0.510000,0.442688,51903500
2014-08-19,0.520000,0.520000,0.500000,0.510000,0.442688,59667200
2014-08-20,0.510000,0.520000,0.500000,0.500000,0.434008,68241300
2014-08-21,0.500000,0.540000,0.500000,0.520000,0.451368,274764400
2014-08-22,0.530000,0.560000,0.530000,0.550000,0.477408,622299300
2014-08-25,0.560000,0.570000,0.550000,0.560000,0.486089,309843400
2014-08-26,0.560000,0.560000,0.540000,0.540000,0.468728,89380700
2014-08-27,0.550000,0.550000,0.520000,0.530000,0.460048,96922400
2014-08-28,0.530000,0.540000,0.520000,0.520000,0.451368,50083900
2014-08-29,0.520000,0.540000,0.520000,0.530000,0.460048,74276100
2014-09-01,0.530000,0.540000,0.520000,0.520000,0.451368,75477400
2014-09-02,0.530000,0.540000,0.520000,0.520000,0.451368,153815800
2014-09-03,0.520000,0.550000,0.520000,0.530000,0.460048,149286100
2014-09-04,0.540000,0.540000,0.520000,0.530000,0.460048,81884200
2014-09-05,0.530000,0.570000,0.530000,0.560000,0.486089,768594600
2014-09-08,0.570000,0.580000,0.550000,0.550000,0.477408,463705600
2014-09-09,0.560000,0.570000,0.540000,0.550000,0.477408,189929400
2014-09-10,0.550000,0.560000,0.540000,0.540000,0.468728,143293900
2014-09-11,0.540000,0.570000,0.540000,0.560000,0.486089,248372300
2014-09-12,0.560000,0.570000,0.550000,0.560000,0.486089,145464300
2014-09-15,0.560000,0.560000,0.550000,0.550000,0.477408,46246400
2014-09-16,0.560000,0.590000,0.550000,0.570000,0.494769,1005567700
2014-09-17,0.580000,0.590000,0.560000,0.570000,0.494769,489357900
2014-09-18,0.570000,0.580000,0.560000,0.560000,0.486089,99273400
2014-09-19,0.560000,0.590000,0.560000,0.580000,0.503449,421927800
2014-09-22,0.580000,0.600000,0.570000,0.580000,0.503449,621276200
2014-09-23,0.580000,0.580000,0.560000,0.570000,0.494769,189917900
2014-09-24,0.570000,0.580000,0.560000,0.570000,0.494769,59974200
2014-09-25,0.570000,0.590000,0.570000,0.580000,0.503449,266764600
2014-09-26,0.580000,0.600000,0.570000,0.580000,0.503449,496951100
2014-09-29,0.570000,0.580000,0.540000,0.550000,0.477408,450308900
2014-09-30,0.550000,0.560000,0.540000,0.550000,0.482758,139819100
2014-10-01,0.550000,0.560000,0.540000,0.550000,0.482758,103938400
2014-10-02,0.550000,0.560000,0.530000,0.540000,0.473981,116403700
2014-10-03,0.540000,0.550000,0.520000,0.530000,0.465203,103431900
2014-10-06,0.530000,0.530000,0.500000,0.500000,0.438871,155995200
2014-10-07,0.500000,0.520000,0.490000,0.500000,0.438871,164109200
